"Year","State","Deaths","Population","Crude Rate","Age-Adjusted Rate","Years of Potential Life Lost"
"2020","Alabama","1,029","4,921,532","20.91","22.39","33,961"
"2020","Alaska","160","731,158","21.88","22.03","5,490"
"2020","Arizona","2,550","7,421,401","34.36","35.64","89,597"
"2020","Arkansas","546","3,030,522","18.02","19.10","17,767"
"2020","California","8,908","39,368,078","22.63","21.73","279,233"
"2020","Colorado","1,492","5,807,719","25.69","24.81","50,119"
"2020","Connecticut","1,371","3,557,006","38.54","39.01","42,500"
"2020","Delaware","444","986,809","44.99","47.50","13,799"
"2020","District of Columbia","424","712,816","59.48","57.88","9,919"
"2020","Florida","7,231","21,733,312","33.27","35.02","232,141"
"2020","Georgia","1,916","10,710,017","17.89","18.05","61,682"
"2020","Hawaii","274","1,407,006","19.47","18.22","6,600"
"2020","Idaho","287","1,826,913","15.71","15.98","8,299"
"2020","Illinois","3,549","12,587,530","28.20","28.07","110,020"
"2020","Indiana","2,321","6,754,953","34.36","36.61","80,544"
"2020","Iowa","432","3,163,561","13.66","14.37","13,601"
"2020","Kansas","490","2,913,805","16.82","17.45","16,339"
"2020","Kentucky","2,083","4,477,251","46.52","49.29","68,273"
"2020","Louisiana","1,896","4,645,318","40.82","42.89","61,641"
"2020","Maine","496","1,350,141","36.74","39.74","15,781"
"2020","Maryland","2,771","6,055,802","45.76","44.56","84,502"
"2020","Massachusetts","2,302","6,893,574","33.39","33.76","73,544"
"2020","Michigan","2,759","9,966,555","27.68","28.64","86,723"
"2020","Minnesota","1,050","5,657,342","18.56","18.99","35,680"
"2020","Mississippi","586","2,966,786","19.75","21.21","19,457"
"2020","Missouri","1,875","6,151,548","30.48","31.93","63,752"
"2020","Montana","162","1,080,577","14.99","15.49","4,904"
"2020","Nebraska","214","1,937,552","11.05","11.26","7,029"
"2020","Nevada","832","3,138,259","26.51","25.82","26,402"
"2020","New Hampshire","393","1,366,275","28.76","30.36","12,924"
"2020","New Jersey","2,840","8,882,371","31.97","32.02","89,474"
"2020","New Mexico","784","2,106,319","37.22","39.30","25,636"
"2020","New York","4,965","19,336,776","25.68","25.30","154,189"
"2020","North Carolina","3,146","10,600,823","29.68","30.87","107,704"
"2020","North Dakota","114","765,309","14.90","15.20","4,621"
"2020","Ohio","5,204","11,693,217","44.50","47.33","173,059"
"2020","Oklahoma","762","3,980,783","19.14","19.45","22,672"
"2020","Oregon","803","4,241,507","18.93","18.65","25,039"
"2020","Pennsylvania","5,168","12,783,254","40.43","42.47","167,224"
"2020","Rhode Island","397","1,057,125","37.56","38.28","12,615"
"2020","South Carolina","1,739","5,218,040","33.33","34.91","56,443"
"2020","South Dakota","83","892,717","9.30","10.39","2,838"
"2020","Tennessee","3,034","6,886,834","44.06","45.85","99,803"
"2020","Texas","4,172","29,360,759","14.21","14.12","135,592"
"2020","Utah","622","3,249,879","19.14","20.67","19,732"
"2020","Vermont","190","623,347","30.48","32.99","6,133"
"2020","Virginia","2,240","8,590,563","26.08","26.53","74,752"
"2020","Washington","1,733","7,693,612","22.53","21.92","54,180"
"2020","West Virginia","1,330","1,784,787","74.52","82.01","42,800"
"2020","Wisconsin","1,531","5,832,655","26.25","27.75","50,221"
"2020","Wyoming","99","582,328","17.00","17.33","2,990"
"2019","Alabama","768","4,907,965","15.65","16.42","24,746"
"2019","Alaska","132","733,603","17.99","17.59","4,476"
"2019","Arizona","1,907","7,291,843","26.15","26.71","62,796"
"2019","Arkansas","388","3,020,985","12.84","13.56","12,717"
"2019","California","6,198","39,437,610","15.72","14.95","181,816"
"2019","Colorado","1,079","5,758,486","18.74","17.96","34,963"
"2019","Connecticut","1,214","3,566,022","34.04","34.57","37,645"
"2019","Delaware","435","976,668","44.54","48.19","14,881"
"2019","District of Columbia","311","708,253","43.91","42.64","7,425"
"2019","Florida","5,268","21,492,056","24.51","25.48","166,107"
"2019","Georgia","1,408","10,628,020","13.25","13.07","42,977"
"2019","Hawaii","242","1,415,615","17.10","15.94","5,787"
"2019","Idaho","265","1,789,060","14.81","15.08","8,070"
"2019","Illinois","2,790","12,667,017","22.03","21.91","84,980"
"2019","Indiana","1,699","6,731,010","25.24","26.64","56,450"
"2019","Iowa","352","3,159,596","11.14","11.44","10,674"
"2019","Kansas","403","2,912,635","13.84","14.26","12,516"
"2019","Kentucky","1,380","4,472,345","30.86","32.60","44,070"
"2019","Louisiana","1,267","4,658,285","27.20","28.36","39,778"
"2019","Maine","371","1,345,770","27.57","29.97","12,124"
"2019","Maryland","2,369","6,054,954","39.13","37.88","72,347"
"2019","Massachusetts","2,210","6,894,883","32.05","32.06","71,831"
"2019","Michigan","2,385","9,984,795","23.89","24.48","74,202"
"2019","Minnesota","792","5,640,053","14.04","14.19","26,013"
"2019","Mississippi","394","2,978,227","13.23","13.63","12,077"
"2019","Missouri","1,583","6,140,475","25.78","26.79","51,775"
"2019","Montana","143","1,070,123","13.36","14.22","4,258"
"2019","Nebraska","161","1,932,571","8.33","8.77","4,930"
"2019","Nevada","647","3,090,771","20.93","20.02","18,482"
"2019","New Hampshire","407","1,360,783","29.91","31.94","14,113"
"2019","New Jersey","2,805","8,891,258","31.55","31.64","89,648"
"2019","New Mexico","599","2,099,634","28.53","30.32","18,687"
"2019","New York","3,617","19,463,131","18.58","18.14","111,887"
"2019","North Carolina","2,266","10,501,384","21.58","22.27","77,117"
"2019","North Dakota","82","763,724","10.74","11.10","2,720"
"2019","Ohio","4,251","11,696,507","36.34","38.31","139,934"
"2019","Oklahoma","645","3,960,676","16.29","16.66","19,059"
"2019","Oregon","615","4,216,116","14.59","13.94","17,819"
"2019","Pennsylvania","4,377","12,798,883","34.20","35.64","141,826"
"2019","Rhode Island","307","1,058,158","29.01","29.60","9,692"
"2019","South Carolina","1,127","5,157,702","21.85","22.69","35,804"
"2019","South Dakota","86","887,127","9.69","10.48","3,031"
"2019","Tennessee","2,089","6,830,325","30.58","31.16","67,827"
"2019","Texas","3,136","28,986,794","10.82","10.79","95,268"
"2019","Utah","571","3,203,383","17.83","18.98","17,487"
"2019","Vermont","133","624,046","21.31","23.77","4,520"
"2019","Virginia","1,547","8,556,642","18.08","18.14","51,214"
"2019","Washington","1,259","7,614,024","16.54","15.81","38,195"
"2019","West Virginia","870","1,795,263","48.46","53.27","28,643"
"2019","Wisconsin","1,201","5,824,581","20.62","21.12","37,961"
"2019","Wyoming","79","580,116","13.62","14.07","2,385"
"2018","Alabama","775","4,891,628","15.84","16.60","25,070"
"2018","Alaska","110","736,624","14.93","14.48","3,552"
"2018","Arizona","1,670","7,164,228","23.31","23.73","54,042"
"2018","Arkansas","444","3,012,161","14.74","15.75","14,790"
"2018","California","5,348","39,437,463","13.56","12.81","151,414"
"2018","Colorado","995","5,697,155","17.47","16.68","30,835"
"2018","Connecticut","1,069","3,574,561","29.91","30.57","33,581"
"2018","Delaware","401","966,985","41.47","43.90","13,231"
"2018","District of Columbia","254","704,147","36.07","35.20","5,835"
"2018","Florida","4,698","21,254,926","22.10","22.84","148,735"
"2018","Georgia","1,404","10,519,389","13.35","13.24","43,463"
"2018","Hawaii","213","1,423,102","14.97","14.32","5,392"
"2018","Idaho","250","1,752,074","14.27","14.57","7,783"
"2018","Illinois","2,722","12,724,685","21.39","21.27","86,771"
"2018","Indiana","1,629","6,698,481","24.32","25.52","55,030"
"2018","Iowa","287","3,149,900","9.11","9.61","9,343"
"2018","Kansas","345","2,912,748","11.84","12.47","11,028"
"2018","Kentucky","1,315","4,464,273","29.46","31.03","43,431"
"2018","Louisiana","1,140","4,664,450","24.44","25.53","36,700"
"2018","Maine","345","1,340,123","25.74","27.92","11,355"
"2018","Maryland","2,324","6,042,153","38.46","37.06","71,537"
"2018","Massachusetts","2,241","6,885,720","32.55","32.81","74,980"
"2018","Michigan","2,591","9,987,286","25.94","26.74","81,387"
"2018","Minnesota","636","5,608,762","11.34","11.45","20,918"
"2018","Mississippi","310","2,982,879","10.39","10.93","9,615"
"2018","Missouri","1,610","6,125,986","26.28","27.37","54,351"
"2018","Montana","125","1,061,818","11.77","12.20","3,772"
"2018","Nebraska","138","1,925,512","7.17","7.40","4,191"
"2018","Nevada","688","3,030,725","22.70","21.18","18,424"
"2018","New Hampshire","452","1,355,064","33.36","35.95","15,597"
"2018","New Jersey","2,900","8,891,730","32.62","33.18","96,511"
"2018","New Mexico","537","2,093,754","25.65","26.83","16,367"
"2018","New York","3,697","19,544,098","18.92","18.37","116,290"
"2018","North Carolina","2,259","10,391,358","21.74","22.37","75,694"
"2018","North Dakota","70","760,062","9.21","10.15","2,418"
"2018","Ohio","3,980","11,680,892","34.07","35.96","133,282"
"2018","Oklahoma","716","3,943,488","18.16","18.34","21,093"
"2018","Oregon","547","4,183,538","13.08","12.56","15,908"
"2018","Pennsylvania","4,415","12,809,107","34.47","36.15","147,853"
"2018","Rhode Island","317","1,059,338","29.92","30.05","9,649"
"2018","South Carolina","1,125","5,091,702","22.10","22.66","35,686"
"2018","South Dakota","57","879,386","6.48","6.93","1,933"
"2018","Tennessee","1,823","6,778,180","26.90","27.50","58,598"
"2018","Texas","3,005","28,624,564","10.50","10.43","92,115"
"2018","Utah","624","3,155,153","19.78","21.13","19,866"
"2018","Vermont","153","624,802","24.49","26.49","5,144"
"2018","Virginia","1,448","8,510,920","17.01","17.14","47,844"
"2018","Washington","1,164","7,526,793","15.47","14.75","34,710"
"2018","West Virginia","856","1,805,953","47.40","51.68","28,303"
"2018","Wisconsin","1,079","5,809,319","18.57","19.21","35,281"
"2018","Wyoming","66","579,054","11.40","11.03","1,802"
"2017","Alabama","835","4,877,989","17.12","18.00","27,981"
"2017","Alaska","147","740,983","19.84","20.21","4,848"
"2017","Arizona","1,532","7,048,088","21.74","22.11","47,293"
"2017","Arkansas","446","3,003,855","14.85","15.53","14,699"
"2017","California","4,868","39,337,785","12.38","11.66","138,370"
"2017","Colorado","1,015","5,617,421","18.07","17.48","32,790"
"2017","Connecticut","1,072","3,575,324","29.98","30.95","35,713"
"2017","Delaware","338","957,942","35.28","37.52","11,423"
"2017","District of Columbia","310","697,079","44.47","43.25","7,170"
"2017","Florida","5,088","20,977,089","24.26","25.04","163,992"
"2017","Georgia","1,537","10,417,031","14.76","14.73","50,239"
"2017","Hawaii","203","1,425,763","14.24","13.81","5,276"
"2017","Idaho","236","1,719,745","13.72","14.44","7,188"
"2017","Illinois","2,778","12,779,893","21.74","21.62","89,853"
"2017","Indiana","1,852","6,662,068","27.80","29.34","63,776"
"2017","Iowa","341","3,143,734","10.85","11.49","10,772"
"2017","Kansas","333","2,910,892","11.44","11.79","9,901"
"2017","Kentucky","1,566","4,455,590","35.15","37.31","52,275"
"2017","Louisiana","1,108","4,673,673","23.71","24.61","36,159"
"2017","Maine","424","1,335,743","31.74","34.47","14,216"
"2017","Maryland","2,247","6,028,186","37.28","36.33","72,341"
"2017","Massachusetts","2,168","6,863,560","31.59","31.64","72,569"
"2017","Michigan","2,694","9,976,752","27.00","27.69","86,978"
"2017","Minnesota","733","5,569,283","13.16","13.29","23,867"
"2017","Mississippi","354","2,990,674","11.84","12.05","10,953"
"2017","Missouri","1,367","6,111,382","22.37","23.18","46,593"
"2017","Montana","119","1,053,862","11.29","11.60","3,669"
"2017","Nebraska","152","1,916,998","7.93","8.09","4,752"
"2017","Nevada","676","2,972,097","22.75","21.73","18,694"
"2017","New Hampshire","467","1,350,395","34.58","36.54","16,393"
"2017","New Jersey","2,685","8,888,147","30.21","30.39","90,545"
"2017","New Mexico","493","2,092,844","23.56","24.73","16,022"
"2017","New York","3,921","19,593,849","20.01","19.59","127,706"
"2017","North Carolina","2,414","10,275,758","23.49","24.12","82,787"
"2017","North Dakota","68","756,755","8.99","9.30","2,512"
"2017","Ohio","5,111","11,665,706","43.81","46.54","172,650"
"2017","Oklahoma","775","3,933,602","19.70","20.07","22,973"
"2017","Oregon","530","4,147,294","12.78","12.24","16,118"
"2017","Pennsylvania","5,388","12,794,679","42.11","44.24","185,690"
"2017","Rhode Island","320","1,056,554","30.29","31.31","10,276"
"2017","South Carolina","1,008","5,027,102","20.05","20.55","32,243"
"2017","South Dakota","73","873,732","8.36","8.45","2,270"
"2017","Tennessee","1,776","6,714,748","26.45","26.61","56,033"
"2017","Texas","2,989","28,291,024","10.57","10.51","94,091"
"2017","Utah","650","3,103,540","20.94","22.41","21,073"
"2017","Vermont","134","625,132","21.44","22.90","4,589"
"2017","Virginia","1,507","8,471,011","17.79","17.77","50,321"
"2017","Washington","1,169","7,427,951","15.74","15.10","35,542"
"2017","West Virginia","974","1,818,683","53.56","57.86","32,140"
"2017","Wisconsin","1,177","5,793,147","20.32","21.16","39,524"
"2017","Wyoming","69","579,994","11.90","12.16","1,982"
"2016","Alabama","756","4,866,824","15.53","16.19","25,107"
"2016","Alaska","128","742,575","17.24","16.72","4,403"
"2016","Arizona","1,382","6,944,767","19.90","20.16","43,430"
"2016","Arkansas","401","2,991,815","13.40","14.02","12,760"
"2016","California","4,654","39,149,186","11.89","11.19","130,838"
"2016","Colorado","942","5,543,844","16.99","16.47","30,777"
"2016","Connecticut","971","3,579,830","27.12","27.39","31,317"
"2016","Delaware","282","949,989","29.69","30.89","9,703"
"2016","District of Columbia","269","687,576","39.12","37.71","6,279"
"2016","Florida","4,728","20,627,237","22.92","23.67","153,616"
"2016","Georgia","1,394","10,308,442","13.52","13.28","43,801"
"2016","Hawaii","191","1,428,885","13.37","12.64","5,029"
"2016","Idaho","243","1,684,036","14.43","15.20","7,581"
"2016","Illinois","2,411","12,821,709","18.80","18.84","79,435"
"2016","Indiana","1,526","6,637,898","22.99","23.91","52,830"
"2016","Iowa","314","3,133,210","10.02","10.50","9,997"
"2016","Kansas","313","2,912,977","10.75","11.06","9,642"
"2016","Kentucky","1,419","4,440,306","31.96","33.59","46,679"
"2016","Louisiana","996","4,681,346","21.28","21.91","32,570"
"2016","Maine","353","1,332,348","26.50","28.82","11,937"
"2016","Maryland","2,044","6,007,014","34.03","33.19","66,135"
"2016","Massachusetts","2,227","6,827,280","32.62","32.77","76,456"
"2016","Michigan","2,347","9,954,117","23.58","24.31","76,928"
"2016","Minnesota","672","5,525,360","12.16","12.39","22,769"
"2016","Mississippi","352","2,990,595","11.77","12.13","11,058"
"2016","Missouri","1,371","6,091,384","22.51","23.63","46,722"
"2016","Montana","119","1,042,137","11.42","11.65","3,612"
"2016","Nebraska","120","1,906,483","6.29","6.50","3,669"
"2016","Nevada","665","2,919,555","22.78","21.72","19,098"
"2016","New Hampshire","481","1,343,694","35.80","38.52","17,516"
"2016","New Jersey","2,056","8,873,584","23.17","23.45","71,340"
"2016","New Mexico","500","2,092,555","23.89","25.12","16,363"
"2016","New York","3,638","19,636,391","18.53","18.02","120,905"
"2016","North Carolina","1,956","10,161,802","19.25","19.61","65,633"
"2016","North Dakota","77","756,114","10.18","10.29","2,633"
"2016","Ohio","4,329","11,640,060","37.19","39.07","147,186"
"2016","Oklahoma","813","3,928,143","20.70","21.40","24,723"
"2016","Oregon","506","4,093,271","12.36","11.86","14,795"
"2016","Pennsylvania","4,627","12,788,468","36.18","37.80","158,931"
"2016","Rhode Island","326","1,057,816","30.82","30.91","10,462"
"2016","South Carolina","879","4,963,031","17.71","18.02","27,615"
"2016","South Dakota","69","863,693","7.99","8.45","2,285"
"2016","Tennessee","1,630","6,651,277","24.51","24.56","50,827"
"2016","Texas","2,831","27,914,064","10.14","10.07","88,565"
"2016","Utah","635","3,044,241","20.86","22.34","21,080"
"2016","Vermont","125","624,366","20.02","22.29","4,171"
"2016","Virginia","1,405","8,417,651","16.69","16.65","48,331"
"2016","Washington","1,102","7,299,961","15.10","14.46","32,688"
"2016","West Virginia","884","1,832,435","48.24","52.23","29,542"
"2016","Wisconsin","1,074","5,775,170","18.60","19.14","36,114"
"2016","Wyoming","99","585,243","16.92","17.59","3,073"
"2015","Alabama","736","4,854,803","15.16","15.70","23,909"
"2015","Alaska","122","738,430","16.52","15.57","4,262"
"2015","Arizona","1,274","6,832,810","18.65","18.91","38,419"
"2015","Arkansas","392","2,979,732","13.16","13.83","12,174"
"2015","California","4,659","38,904,296","11.98","11.35","129,185"
"2015","Colorado","869","5,454,328","15.93","15.27","27,328"
"2015","Connecticut","800","3,588,561","22.29","22.08","25,555"
"2015","Delaware","198","942,065","21.02","21.95","6,891"
"2015","District of Columbia","125","677,014","18.46","18.38","2,876"
"2015","Florida","3,228","20,219,111","15.97","16.25","102,068"
"2015","Georgia","1,302","10,183,353","12.79","12.71","42,474"
"2015","Hawaii","169","1,422,999","11.88","11.30","4,481"
"2015","Idaho","218","1,652,495","13.19","14.18","6,826"
"2015","Illinois","1,835","12,859,585","14.27","14.09","59,813"
"2015","Indiana","1,245","6,611,442","18.83","19.51","42,450"
"2015","Iowa","309","3,122,541","9.90","10.32","9,316"
"2015","Kansas","329","2,910,717","11.30","11.84","10,183"
"2015","Kentucky","1,273","4,429,126","28.74","29.97","41,690"
"2015","Louisiana","861","4,666,998","18.45","19.01","28,127"
"2015","Maine","269","1,329,098","20.24","21.20","8,804"
"2015","Maryland","1,285","5,988,528","21.46","21.03","41,690"
"2015","Massachusetts","1,724","6,797,484","25.36","25.64","60,600"
"2015","Michigan","1,980","9,934,483","19.93","20.36","63,620"
"2015","Minnesota","581","5,484,002","10.59","10.63","18,253"
"2015","Mississippi","351","2,990,231","11.74","12.33","11,146"
"2015","Missouri","1,066","6,075,411","17.55","17.85","35,108"
"2015","Montana","138","1,031,495","13.38","13.66","4,134"
"2015","Nebraska","126","1,892,059","6.66","7.08","3,880"
"2015","Nevada","619","2,868,531","21.58","20.44","17,658"
"2015","New Hampshire","422","1,337,480","31.55","33.87","15,199"
"2015","New Jersey","1,454","8,870,312","16.39","16.55","49,619"
"2015","New Mexico","501","2,090,071","23.97","25.18","15,893"
"2015","New York","2,754","19,657,321","14.01","13.66","90,658"
"2015","North Carolina","1,567","10,037,218","15.61","15.74","50,168"
"2015","North Dakota","61","755,537","8.07","8.58","2,138"
"2015","Ohio","3,310","11,622,315","28.48","29.97","112,138"
"2015","Oklahoma","725","3,910,518","18.54","19.00","22,032"
"2015","Oregon","505","4,018,542","12.57","12.01","14,482"
"2015","Pennsylvania","3,264","12,789,838","25.52","26.31","110,545"
"2015","Rhode Island","310","1,056,886","29.33","28.16","9,706"
"2015","South Carolina","761","4,896,006","15.54","15.66","23,051"
"2015","South Dakota","65","854,663","7.61","8.44","2,214"
"2015","Tennessee","1,457","6,595,354","22.09","22.17","43,891"
"2015","Texas","2,588","27,468,531","9.42","9.36","82,340"
"2015","Utah","646","2,983,626","21.65","23.50","21,008"
"2015","Vermont","99","625,810","15.82","16.62","3,328"
"2015","Virginia","1,039","8,367,303","12.42","12.37","35,358"
"2015","Washington","1,094","7,167,287","15.26","14.69","32,784"
"2015","West Virginia","725","1,843,332","39.33","41.43","23,313"
"2015","Wisconsin","878","5,762,927","15.24","15.50","28,081"
"2015","Wyoming","96","586,389","16.37","16.66","3,021"
"2014","Alabama","723","4,843,737","14.93","15.12","23,048"
"2014","Alaska","124","737,075","16.82","16.57","4,146"
"2014","Arizona","1,211","6,732,873","17.99","18.13","35,531"
"2014","Arkansas","356","2,968,759","11.99","12.59","11,681"
"2014","California","4,521","38,586,706","11.72","11.11","124,539"
"2014","Colorado","899","5,352,637","16.80","16.23","28,332"
"2014","Connecticut","623","3,595,697","17.33","17.58","20,160"
"2014","Delaware","189","933,131","20.25","21.37","6,364"
"2014","District of Columbia","96","663,603","14.47","13.83","2,337"
"2014","Florida","2,634","19,853,880","13.27","13.20","79,530"
"2014","Georgia","1,206","10,071,204","11.98","11.87","38,674"
"2014","Hawaii","157","1,415,335","11.09","10.63","4,182"
"2014","Idaho","212","1,632,248","12.99","13.73","6,764"
"2014","Illinois","1,705","12,885,092","13.23","13.09","55,164"
"2014","Indiana","1,172","6,596,019","17.77","18.18","38,600"
"2014","Iowa","264","3,110,643","8.49","8.78","8,091"
"2014","Kansas","332","2,901,861","11.44","11.71","10,111"
"2014","Kentucky","1,077","4,416,992","24.38","24.76","34,256"
"2014","Louisiana","777","4,645,938","16.72","16.93","24,656"
"2014","Maine","216","1,331,217","16.23","17.09","7,010"
"2014","Maryland","1,070","5,960,064","17.95","17.42","34,294"
"2014","Massachusetts","1,289","6,764,864","19.05","18.99","44,093"
"2014","Michigan","1,762","9,932,033","17.74","17.93","55,727"
"2014","Minnesota","517","5,452,665","9.48","9.54","16,375"
"2014","Mississippi","336","2,991,892","11.23","11.61","10,535"
"2014","Missouri","1,067","6,059,130","17.61","18.21","35,382"
"2014","Montana","125","1,022,657","12.22","12.46","3,652"
"2014","Nebraska","125","1,879,955","6.65","7.06","4,085"
"2014","Nevada","545","2,818,935","19.33","18.50","15,698"
"2014","New Hampshire","334","1,334,257","25.03","25.89","11,542"
"2014","New Jersey","1,253","8,867,277","14.13","14.13","42,527"
"2014","New Mexico","547","2,090,236","26.17","27.09","17,037"
"2014","New York","2,300","19,653,431","11.70","11.29","74,209"
"2014","North Carolina","1,358","9,937,295","13.67","13.73","43,447"
"2014","North Dakota","43","738,736","5.82","6.34","1,380"
"2014","Ohio","2,744","11,606,573","23.64","24.62","91,932"
"2014","Oklahoma","777","3,879,187","20.03","20.37","23,195"
"2014","Oregon","522","3,965,447","13.16","12.85","15,977"
"2014","Pennsylvania","2,732","12,792,392","21.36","21.89","91,298"
"2014","Rhode Island","247","1,056,511","23.38","23.47","7,650"
"2014","South Carolina","701","4,826,858","14.52","14.41","20,448"
"2014","South Dakota","63","849,670","7.42","8.01","2,053"
"2014","Tennessee","1,269","6,544,617","19.39","19.55","38,725"
"2014","Texas","2,601","26,963,092","9.65","9.65","82,508"
"2014","Utah","603","2,938,327","20.52","22.41","19,786"
"2014","Vermont","83","625,693","13.27","14.04","2,703"
"2014","Virginia","980","8,315,430","11.79","11.69","32,337"
"2014","Washington","979","7,057,531","13.87","13.22","28,699"
"2014","West Virginia","627","1,850,569","33.88","35.64","20,124"
"2014","Wisconsin","853","5,753,199","14.83","14.99","27,771"
"2014","Wyoming","109","583,159","18.69","19.31","3,413"
"2013","Alabama","598","4,831,586","12.38","12.76","19,497"
"2013","Alaska","105","737,626","14.24","14.25","3,347"
"2013","Arizona","1,222","6,634,690","18.42","18.65","37,076"
"2013","Arkansas","319","2,960,459","10.78","11.04","10,354"
"2013","California","4,452","38,253,768","11.64","11.09","125,505"
"2013","Colorado","846","5,270,774","16.05","15.51","26,567"
"2013","Connecticut","582","3,595,792","16.19","16.01","18,698"
"2013","Delaware","166","924,062","17.96","18.70","5,525"
"2013","District of Columbia","102","651,559","15.66","14.88","2,442"
"2013","Florida","2,474","19,551,678","12.65","12.54","72,902"
"2013","Georgia","1,098","9,975,592","11.01","10.78","33,464"
"2013","Hawaii","158","1,408,822","11.22","10.80","4,569"
"2013","Idaho","207","1,612,053","12.84","13.43","6,318"
"2013","Illinois","1,579","12,895,778","12.24","12.03","51,878"
"2013","Indiana","1,064","6,570,575","16.19","16.55","35,538"
"2013","Iowa","275","3,093,935","8.89","9.22","8,602"
"2013","Kansas","331","2,894,306","11.44","11.85","10,255"
"2013","Kentucky","1,019","4,406,906","23.12","23.55","32,964"
"2013","Louisiana","809","4,626,040","17.49","17.68","25,901"
"2013","Maine","174","1,328,543","13.10","13.18","5,209"
"2013","Maryland","892","5,925,197","15.05","14.54","29,407"
"2013","Massachusetts","1,081","6,715,158","16.10","15.94","35,837"
"2013","Michigan","1,553","9,914,802","15.66","15.83","49,897"
"2013","Minnesota","523","5,414,722","9.66","9.56","16,798"
"2013","Mississippi","316","2,989,839","10.57","10.80","9,757"
"2013","Missouri","1,025","6,042,989","16.96","17.49","32,897"
"2013","Montana","137","1,014,158","13.51","14.40","4,349"
"2013","Nebraska","117","1,865,813","6.27","6.42","3,516"
"2013","Nevada","614","2,776,956","22.11","21.08","17,716"
"2013","New Hampshire","203","1,327,272","15.30","14.92","6,485"
"2013","New Jersey","1,294","8,857,821","14.61","14.53","43,811"
"2013","New Mexico","458","2,092,833","21.88","22.38","14,081"
"2013","New York","2,309","19,626,488","11.77","11.25","72,864"
"2013","North Carolina","1,259","9,846,717","12.79","12.80","40,298"
"2013","North Dakota","20**","723,149","2.77**","2.70**","693"
"2013","Ohio","2,347","11,579,692","20.27","20.81","76,030"
"2013","Oklahoma","790","3,853,891","20.50","20.48","23,559"
"2013","Oregon","455","3,924,110","11.60","11.26","13,258"
"2013","Pennsylvania","2,426","12,779,538","18.98","19.41","80,292"
"2013","Rhode Island","241","1,055,560","22.83","22.35","7,336"
"2013","South Carolina","620","4,766,469","13.01","12.99","17,898"
"2013","South Dakota","55","842,751","6.53","6.92","1,715"
"2013","Tennessee","1,187","6,496,943","18.27","18.10","35,532"
"2013","Texas","2,446","26,479,646","9.24","9.23","77,997"
"2013","Utah","594","2,898,773","20.49","21.98","20,315"
"2013","Vermont","93","626,603","14.84","15.08","2,884"
"2013","Virginia","854","8,255,861","10.34","10.19","28,442"
"2013","Washington","969","6,966,252","13.91","13.38","28,840"
"2013","West Virginia","570","1,854,768","30.73","32.15","18,718"
"2013","Wisconsin","856","5,738,012","14.92","15.02","28,236"
"2013","Wyoming","98","582,620","16.82","17.16","3,028"
"2012","Alabama","562","4,816,632","11.67","12.03","18,725"
"2012","Alaska","129","730,810","17.65","17.42","4,438"
"2012","Arizona","1,134","6,556,344","17.30","17.66","34,824"
"2012","Arkansas","373","2,952,876","12.63","13.16","12,221"
"2012","California","4,040","37,944,551","10.65","10.22","115,439"
"2012","Colorado","807","5,193,660","15.54","14.94","25,175"
"2012","Connecticut","439","3,595,211","12.21","12.12","14,085"
"2012","Delaware","141","915,518","15.40","15.17","4,653"
"2012","District of Columbia","77","635,737","12.11","12.63","2,031"
"2012","Florida","2,597","19,302,016","13.46","13.27","76,230"
"2012","Georgia","1,056","9,903,580","10.66","10.56","33,326"
"2012","Hawaii","155","1,395,199","11.11","10.90","4,527"
"2012","Idaho","181","1,595,910","11.34","11.89","5,492"
"2012","Illinois","1,628","12,883,029","12.64","12.51","54,770"
"2012","Indiana","1,011","6,538,989","15.46","15.99","34,699"
"2012","Iowa","259","3,076,844","8.42","8.65","7,879"
"2012","Kansas","318","2,886,024","11.02","11.50","10,599"
"2012","Kentucky","1,078","4,387,865","24.57","24.97","34,987"
"2012","Louisiana","566","4,602,067","12.30","12.33","18,581"
"2012","Maine","150","1,328,094","11.29","11.61","4,835"
"2012","Maryland","831","5,888,375","14.11","13.64","26,691"
"2012","Massachusetts","859","6,664,269","12.89","12.70","28,444"
"2012","Michigan","1,308","9,898,289","13.21","13.49","42,887"
"2012","Minnesota","482","5,377,500","8.96","8.88","15,405"
"2012","Mississippi","310","2,984,599","10.39","10.67","9,589"
"2012","Missouri","942","6,026,027","15.63","16.16","31,157"
"2012","Montana","118","1,004,168","11.75","11.89","3,676"
"2012","Nebraska","146","1,853,691","7.88","7.89","4,603"
"2012","Nevada","602","2,744,670","21.93","20.94","17,703"
"2012","New Hampshire","173","1,324,677","13.06","13.48","5,740"
"2012","New Jersey","1,222","8,845,671","13.82","13.82","41,474"
"2012","New Mexico","492","2,087,715","23.57","24.75","15,771"
"2012","New York","2,106","19,574,362","10.76","10.38","67,348"
"2012","North Carolina","1,298","9,751,810","13.31","13.29","41,723"
"2012","North Dakota","21","702,227","2.99","3.17","643"
"2012","Ohio","2,125","11,550,971","18.40","18.91","69,795"
"2012","Oklahoma","771","3,819,320","20.19","20.42","23,851"
"2012","Oregon","490","3,900,102","12.56","12.39","14,907"
"2012","Pennsylvania","2,365","12,769,123","18.52","18.85","79,173"
"2012","Rhode Island","196","1,054,893","18.58","18.07","5,843"
"2012","South Carolina","587","4,719,027","12.44","12.44","17,852"
"2012","South Dakota","42","833,859","5.04","5.42","1,511"
"2012","Tennessee","1,131","6,455,752","17.52","17.64","34,968"
"2012","Texas","2,447","26,084,120","9.38","9.36","78,578"
"2012","Utah","601","2,854,146","21.06","23.09","19,806"
"2012","Vermont","70","626,361","11.18","11.02","2,133"
"2012","Virginia","733","8,187,456","8.95","8.86","24,694"
"2012","Washington","985","6,898,599","14.28","13.68","29,372"
"2012","West Virginia","558","1,857,446","30.04","32.19","18,343"
"2012","Wisconsin","692","5,720,825","12.10","12.22","22,845"
"2012","Wyoming","98","576,656","17.00","16.91","2,947"
"2011","Alabama","552","4,799,642","11.50","11.76","18,249"
"2011","Alaska","107","722,349","14.81","14.01","3,535"
"2011","Arizona","1,071","6,473,416","16.55","16.88","33,993"
"2011","Arkansas","355","2,941,038","12.07","12.60","11,879"
"2011","California","4,180","37,636,311","11.11","10.70","121,348"
"2011","Colorado","843","5,121,900","16.46","16.02","27,221"
"2011","Connecticut","402","3,588,632","11.20","11.21","13,289"
"2011","Delaware","160","907,590","17.63","17.60","5,422"
"2011","District of Columbia","86","620,290","13.86","13.64","2,219"
"2011","Florida","2,918","19,055,607","15.31","15.43","91,556"
"2011","Georgia","1,058","9,803,630","10.79","10.66","33,925"
"2011","Hawaii","180","1,379,562","13.05","12.24","4,691"
"2011","Idaho","193","1,584,272","12.18","12.88","6,237"
"2011","Illinois","1,408","12,867,783","10.94","10.91","47,778"
"2011","Indiana","975","6,517,250","14.96","15.34","32,792"
"2011","Iowa","250","3,066,772","8.15","8.46","7,867"
"2011","Kansas","280","2,869,677","9.76","10.14","8,842"
"2011","Kentucky","1,058","4,370,817","24.21","25.05","35,328"
"2011","Louisiana","601","4,576,244","13.13","13.42","19,581"
"2011","Maine","156","1,328,473","11.74","11.84","4,760"
"2011","Maryland","707","5,840,241","12.11","11.70","23,548"
"2011","Massachusetts","857","6,614,218","12.96","12.67","28,378"
"2011","Michigan","1,386","9,883,053","14.02","14.30","45,387"
"2011","Minnesota","511","5,346,620","9.56","9.33","15,921"
"2011","Mississippi","302","2,979,147","10.14","10.72","9,526"
"2011","Missouri","963","6,011,182","16.02","16.47","32,773"
"2011","Montana","141","997,518","14.14","14.40","4,284"
"2011","Nebraska","129","1,840,914","7.01","7.22","4,012"
"2011","Nevada","639","2,713,114","23.55","22.87","19,682"
"2011","New Hampshire","210","1,320,444","15.90","15.28","6,523"
"2011","New Jersey","1,012","8,828,552","11.46","11.32","34,390"
"2011","New Mexico","529","2,080,707","25.42","26.31","16,841"
"2011","New York","1,948","19,499,921","9.99","9.65","62,989"
"2011","North Carolina","1,264","9,658,913","13.09","13.01","41,684"
"2011","North Dakota","16**","685,526","2.33**","2.03**","321"
"2011","Ohio","2,025","11,545,735","17.54","17.76","65,244"
"2011","Oklahoma","703","3,788,824","18.56","18.92","22,426"
"2011","Oregon","532","3,872,672","13.74","13.52","16,588"
"2011","Pennsylvania","2,289","12,747,052","17.96","18.33","76,779"
"2011","Rhode Island","190","1,053,829","18.03","17.54","5,505"
"2011","South Carolina","618","4,672,655","13.23","13.29","19,410"
"2011","South Dakota","57","823,740","6.92","7.07","1,774"
"2011","Tennessee","1,090","6,400,298","17.03","17.17","34,713"
"2011","Texas","2,589","25,645,504","10.10","10.09","84,701"
"2011","Utah","504","2,814,797","17.91","19.46","17,351"
"2011","Vermont","83","627,197","13.23","12.81","2,625"
"2011","Virginia","798","8,102,437","9.85","9.69","26,802"
"2011","Washington","997","6,827,479","14.60","14.02","30,392"
"2011","West Virginia","635","1,856,606","34.20","36.25","21,408"
"2011","Wisconsin","698","5,705,840","12.23","12.10","22,959"
"2011","Wyoming","85","567,491","14.98","15.26","2,732"
"2010","Alabama","547","4,780,118","11.44","11.81","18,499"
"2010","Alaska","83","710,246","11.69","11.59","2,691"
"2010","Arizona","1,098","6,392,292","17.18","17.59","35,166"
"2010","Arkansas","350","2,916,029","12.00","12.54","11,891"
"2010","California","4,057","37,254,522","10.89","10.54","117,395"
"2010","Colorado","654","5,029,319","13.00","12.63","20,862"
"2010","Connecticut","363","3,574,151","10.16","10.00","11,576"
"2010","Delaware","145","897,947","16.15","16.60","4,959"
"2010","District of Columbia","78","601,767","12.96","13.13","2,064"
"2010","Florida","3,061","18,804,589","16.28","16.39","98,686"
"2010","Georgia","1,054","9,688,737","10.88","10.72","34,064"
"2010","Hawaii","151","1,360,304","11.10","10.89","4,288"
"2010","Idaho","178","1,567,658","11.36","11.72","5,690"
"2010","Illinois","1,288","12,831,572","10.04","9.98","43,917"
"2010","Indiana","927","6,484,050","14.30","14.39","31,035"
"2010","Iowa","253","3,046,877","8.30","8.61","8,260"
"2010","Kansas","269","2,853,120","9.43","9.57","9,144"
"2010","Kentucky","1,007","4,339,330","23.21","23.69","33,411"
"2010","Louisiana","591","4,533,500","13.04","13.13","19,937"
"2010","Maine","135","1,328,354","10.16","10.49","4,433"
"2010","Maryland","650","5,773,787","11.26","10.95","22,075"
"2010","Massachusetts","738","6,547,788","11.27","11.03","23,798"
"2010","Michigan","1,394","9,884,112","14.10","13.96","44,293"
"2010","Minnesota","397","5,303,933","7.49","7.36","13,154"
"2010","Mississippi","334","2,968,129","11.25","11.35","10,779"
"2010","Missouri","998","5,988,941","16.66","17.02","34,004"
"2010","Montana","118","989,400","11.93","12.95","3,896"
"2010","Nebraska","117","1,826,311","6.41","6.67","3,815"
"2010","Nevada","578","2,700,683","21.40","20.75","17,269"
"2010","New Hampshire","160","1,316,457","12.15","11.72","4,995"
"2010","New Jersey","868","8,791,959","9.87","9.77","29,249"
"2010","New Mexico","478","2,059,199","23.21","23.75","15,843"
"2010","New York","1,557","19,378,117","8.04","7.78","49,216"
"2010","North Carolina","1,093","9,535,762","11.46","11.39","35,608"
"2010","North Dakota","23","672,575","3.42","3.39","738"
"2010","Ohio","1,835","11,536,763","15.91","16.16","60,273"
"2010","Oklahoma","717","3,751,582","19.11","19.44","22,663"
"2010","Oregon","503","3,831,083","13.13","12.98","15,537"
"2010","Pennsylvania","1,916","12,702,891","15.08","15.31","64,090"
"2010","Rhode Island","167","1,052,970","15.86","15.68","5,101"
"2010","South Carolina","678","4,625,358","14.66","14.61","21,022"
"2010","South Dakota","45","814,198","5.53","6.33","1,603"
"2010","Tennessee","1,080","6,346,281","17.02","16.92","34,565"
"2010","Texas","2,399","25,146,072","9.54","9.58","78,646"
"2010","Utah","433","2,763,891","15.67","16.77","15,509"
"2010","Vermont","63","625,727","10.07","9.71","1,747"
"2010","Virginia","558","8,001,046","6.97","6.81","18,797"
"2010","Washington","916","6,724,540","13.62","13.12","27,931"
"2010","West Virginia","512","1,853,008","27.63","29.14","17,363"
"2010","Wisconsin","630","5,687,285","11.08","10.96","19,898"
"2010","Wyoming","85","563,775","15.08","14.79","2,651"
"2009","Alabama","630","4,757,938","13.24","13.64","21,126"
"2009","Alaska","131","698,895","18.74","17.74","4,163"
"2009","Arizona","1,002","6,343,154","15.80","16.14","31,960"
"2009","Arkansas","351","2,896,843","12.12","12.66","11,578"
"2009","California","4,056","36,961,229","10.97","10.74","118,264"
"2009","Colorado","769","4,972,195","15.47","14.94","24,612"
"2009","Connecticut","393","3,561,807","11.03","10.98","13,130"
"2009","Delaware","136","891,730","15.25","15.47","4,633"
"2009","District of Columbia","26","592,228","4.39","4.12","649"
"2009","Florida","3,092","18,652,644","16.58","16.71","99,553"
"2009","Georgia","1,007","9,620,846","10.47","10.34","32,438"
"2009","Hawaii","136","1,346,717","10.10","9.64","3,939"
"2009","Idaho","171","1,554,439","11.00","11.63","5,526"
"2009","Illinois","1,381","12,796,778","10.79","10.79","46,669"
"2009","Indiana","896","6,459,325","13.87","14.02","29,783"
"2009","Iowa","207","3,032,870","6.83","7.15","6,750"
"2009","Kansas","304","2,832,704","10.73","11.08","9,860"
"2009","Kentucky","769","4,317,074","17.81","18.03","25,239"
"2009","Louisiana","584","4,491,648","13.00","13.13","19,361"
"2009","Maine","173","1,329,590","13.01","12.78","5,431"
"2009","Maryland","743","5,730,388","12.97","12.40","23,629"
"2009","Massachusetts","816","6,517,613","12.52","12.20","26,820"
"2009","Michigan","1,429","9,901,591","14.43","14.51","46,213"
"2009","Minnesota","419","5,281,203","7.93","7.88","13,561"
"2009","Mississippi","323","2,958,774","10.92","11.26","10,326"
"2009","Missouri","863","5,961,088","14.48","14.67","29,599"
"2009","Montana","142","983,982","14.43","14.59","4,509"
"2009","Nebraska","106","1,812,683","5.85","5.92","3,007"
"2009","Nevada","550","2,684,665","20.49","20.13","17,135"
"2009","New Hampshire","168","1,316,102","12.77","12.43","5,318"
"2009","New Jersey","263","8,755,602","3.00","3.01","9,243"
"2009","New Mexico","438","2,036,802","21.50","22.09","14,727"
"2009","New York","1,592","19,307,066","8.25","7.97","49,662"
"2009","North Carolina","1,191","9,449,566","12.60","12.62","40,036"
"2009","North Dakota","27","664,968","4.06","4.45","1,029"
"2009","Ohio","1,236","11,528,896","10.72","10.92","39,973"
"2009","Oklahoma","756","3,717,572","20.34","20.68","24,256"
"2009","Oregon","501","3,808,600","13.15","12.93","15,529"
"2009","Pennsylvania","1,909","12,666,858","15.07","15.28","63,391"
"2009","Rhode Island","161","1,053,646","15.28","14.71","5,022"
"2009","South Carolina","615","4,589,872","13.40","13.30","18,616"
"2009","South Dakota","49","807,067","6.07","6.69","1,540"
"2009","Tennessee","962","6,306,019","15.26","15.17","30,857"
"2009","Texas","2,409","24,801,761","9.71","9.82","78,709"
"2009","Utah","478","2,723,421","17.55","19.18","16,894"
"2009","Vermont","55","624,817","8.80","8.37","1,744"
"2009","Virginia","685","7,925,937","8.64","8.49","23,042"
"2009","Washington","987","6,667,426","14.80","14.35","30,431"
"2009","West Virginia","226","1,847,775","12.23","12.45","7,412"
"2009","Wisconsin","631","5,669,264","11.13","10.90","19,844"
"2009","Wyoming","60","559,851","10.72","10.90","2,030"
"2008","Alabama","607","4,718,206","12.87","12.99","20,333"
"2008","Alaska","127","687,280","18.48","17.87","4,296"
"2008","Arizona","828","6,280,362","13.18","13.58","25,723"
"2008","Arkansas","360","2,874,554","12.52","13.08","12,476"
"2008","California","3,863","36,604,337","10.55","10.36","113,787"
"2008","Colorado","749","4,889,730","15.32","14.79","23,441"
"2008","Connecticut","386","3,545,579","10.89","10.80","13,028"
"2008","Delaware","124","883,874","14.03","14.36","4,294"
"2008","District of Columbia","56","580,236","9.65","9.79","1,370"
"2008","Florida","2,963","18,527,305","15.99","16.18","98,059"
"2008","Georgia","935","9,504,843","9.84","9.72","30,821"
"2008","Hawaii","123","1,332,213","9.23","9.04","3,534"
"2008","Idaho","146","1,534,320","9.52","9.85","4,365"
"2008","Illinois","1,353","12,747,038","10.61","10.60","45,964"
"2008","Indiana","830","6,424,806","12.92","13.23","28,784"
"2008","Iowa","209","3,016,734","6.93","7.12","6,773"
"2008","Kansas","219","2,808,076","7.80","7.99","7,094"
"2008","Kentucky","764","4,289,878","17.81","18.00","25,706"
"2008","Louisiana","647","4,435,586","14.59","14.87","21,989"
"2008","Maine","162","1,330,509","12.18","12.37","5,369"
"2008","Maryland","693","5,684,965","12.19","11.73","22,267"
"2008","Massachusetts","786","6,468,967","12.15","11.91","25,844"
"2008","Michigan","1,239","9,946,889","12.46","12.38","40,488"
"2008","Minnesota","384","5,247,018","7.32","7.20","12,752"
"2008","Mississippi","303","2,947,806","10.28","10.56","9,604"
"2008","Missouri","765","5,923,916","12.91","13.12","25,946"
"2008","Montana","134","976,415","13.72","14.10","4,276"
"2008","Nebraska","94","1,796,378","5.23","5.48","2,764"
"2008","Nevada","519","2,653,630","19.56","19.20","16,334"
"2008","New Hampshire","126","1,315,906","9.58","9.35","3,955"
"2008","New Jersey","702","8,711,090","8.06","7.98","23,610"
"2008","New Mexico","518","2,010,662","25.76","26.73","17,331"
"2008","New York","1,691","19,212,436","8.80","8.52","52,719"
"2008","North Carolina","1,196","9,309,449","12.85","12.80","40,568"
"2008","North Dakota","46","657,569","7.00","7.54","1,485"
"2008","Ohio","1,733","11,515,391","15.05","15.18","56,449"
"2008","Oklahoma","564","3,668,976","15.37","15.70","18,479"
"2008","Oregon","452","3,768,748","11.99","11.84","14,691"
"2008","Pennsylvania","1,850","12,612,285","14.67","14.93","62,554"
"2008","Rhode Island","185","1,055,003","17.54","17.32","5,919"
"2008","South Carolina","565","4,528,996","12.48","12.50","17,560"
"2008","South Dakota","54","799,124","6.76","7.31","1,814"
"2008","Tennessee","938","6,247,411","15.01","14.86","29,200"
"2008","Texas","2,053","24,309,039","8.45","8.53","68,538"
"2008","Utah","468","2,663,029","17.57","18.89","16,395"
"2008","Vermont","73","624,151","11.70","10.99","2,326"
"2008","Virginia","718","7,833,496","9.17","8.99","25,132"
"2008","Washington","1,011","6,562,231","15.41","14.73","31,023"
"2008","West Virginia","459","1,840,310","24.94","25.79","15,845"
"2008","Wisconsin","606","5,640,996","10.74","10.60","19,822"
"2008","Wyoming","74","546,043","13.55","14.10","2,590"
"2007","Alabama","511","4,672,840","10.94","11.10","17,391"
"2007","Alaska","72","680,123","10.59","10.16","2,518"
"2007","Arizona","943","6,167,681","15.29","15.78","29,958"
"2007","Arkansas","301","2,848,650","10.57","10.86","10,409"
"2007","California","3,854","36,250,311","10.63","10.47","114,022"
"2007","Colorado","734","4,803,868","15.28","14.67","23,559"
"2007","Connecticut","433","3,527,270","12.28","12.21","14,461"
"2007","Delaware","97","871,749","11.13","11.42","3,396"
"2007","District of Columbia","61","574,404","10.62","10.72","1,542"
"2007","Florida","2,794","18,367,842","15.21","15.40","93,374"
"2007","Georgia","923","9,349,988","9.87","9.69","30,807"
"2007","Hawaii","136","1,315,675","10.34","10.01","4,021"
"2007","Idaho","126","1,505,105","8.37","8.66","4,008"
"2007","Illinois","1,192","12,695,866","9.39","9.37","40,091"
"2007","Indiana","781","6,379,599","12.24","12.38","28,102"
"2007","Iowa","203","2,999,212","6.77","6.87","6,580"
"2007","Kansas","270","2,783,785","9.70","10.01","8,931"
"2007","Kentucky","708","4,256,672","16.63","16.62","24,854"
"2007","Louisiana","808","4,375,581","18.47","18.68","29,746"
"2007","Maine","159","1,327,040","11.98","12.47","5,577"
"2007","Maryland","769","5,653,408","13.60","13.19","25,463"
"2007","Massachusetts","922","6,431,559","14.34","13.97","29,871"
"2007","Michigan","1,236","10,001,284","12.36","12.20","39,496"
"2007","Minnesota","341","5,207,203","6.55","6.43","10,645"
"2007","Mississippi","314","2,928,350","10.72","10.94","10,209"
"2007","Missouri","714","5,887,612","12.13","12.25","23,955"
"2007","Montana","125","964,706","12.96","12.80","4,006"
"2007","Nebraska","80","1,783,440","4.49","4.77","2,545"
"2007","Nevada","499","2,601,072","19.18","18.81","16,136"
"2007","New Hampshire","186","1,312,540","14.17","13.85","6,297"
"2007","New Jersey","727","8,677,885","8.38","8.38","25,218"
"2007","New Mexico","462","1,990,070","23.22","23.39","14,796"
"2007","New York","1,708","19,132,335","8.93","8.65","53,615"
"2007","North Carolina","1,084","9,118,037","11.89","11.86","36,669"
"2007","North Dakota","32","652,822","4.90","4.75","1,086"
"2007","Ohio","1,592","11,500,468","13.84","13.91","52,034"
"2007","Oklahoma","666","3,634,349","18.33","18.94","22,734"
"2007","Oregon","502","3,722,417","13.49","13.12","15,494"
"2007","Pennsylvania","1,733","12,563,937","13.79","13.84","59,057"
"2007","Rhode Island","135","1,057,315","12.77","12.39","4,130"
"2007","South Carolina","545","4,444,110","12.26","12.19","16,868"
"2007","South Dakota","32","791,623","4.04","4.10","1,105"
"2007","Tennessee","985","6,175,727","15.95","15.88","32,149"
"2007","Texas","2,194","23,831,983","9.21","9.26","74,573"
"2007","Utah","511","2,597,746","19.67","21.33","18,173"
"2007","Vermont","66","623,481","10.59","10.74","2,167"
"2007","Virginia","700","7,751,000","9.03","8.88","24,232"
"2007","Washington","962","6,461,587","14.89","14.35","30,434"
"2007","West Virginia","397","1,834,052","21.65","22.61","14,007"
"2007","Wisconsin","622","5,610,775","11.09","11.06","20,782"
"2007","Wyoming","63","534,876","11.78","12.31","2,184"
"2006","Alabama","398","4,628,981","8.60","8.74","14,033"
"2006","Alaska","76","675,150","11.26","11.08","2,593"
"2006","Arizona","876","6,029,141","14.53","14.96","27,649"
"2006","Arkansas","285","2,821,761","10.10","10.47","10,011"
"2006","California","3,494","36,021,202","9.70","9.59","103,530"
"2006","Colorado","627","4,720,423","13.28","12.76","20,803"
"2006","Connecticut","407","3,517,460","11.57","11.47","13,841"
"2006","Delaware","78","859,268","9.08","9.27","2,916"
"2006","District of Columbia","101","570,681","17.70","17.83","2,660"
"2006","Florida","2,591","18,166,990","14.26","14.38","86,111"
"2006","Georgia","830","9,155,813","9.07","8.92","27,561"
"2006","Hawaii","86","1,309,731","6.57","6.42","2,621"
"2006","Idaho","130","1,468,669","8.85","9.34","4,239"
"2006","Illinois","1,369","12,643,955","10.83","10.82","47,206"
"2006","Indiana","736","6,332,669","11.62","11.70","26,179"
"2006","Iowa","187","2,982,644","6.27","6.53","6,132"
"2006","Kansas","257","2,762,931","9.30","9.53","8,562"
"2006","Kentucky","728","4,219,239","17.25","17.31","25,597"
"2006","Louisiana","705","4,302,665","16.39","16.46","25,558"
"2006","Maine","159","1,323,619","12.01","12.05","5,483"
"2006","Maryland","762","5,627,367","13.54","13.12","26,039"
"2006","Massachusetts","970","6,410,084","15.13","14.65","31,860"
"2006","Michigan","1,176","10,036,081","11.72","11.70","39,442"
"2006","Minnesota","311","5,163,555","6.02","5.95","10,132"
"2006","Mississippi","339","2,904,978","11.67","12.02","11,327"
"2006","Missouri","743","5,842,704","12.72","12.95","26,023"
"2006","Montana","97","952,692","10.18","10.13","3,315"
"2006","Nebraska","91","1,772,693","5.13","5.31","3,079"
"2006","Nevada","461","2,522,658","18.27","17.92","14,668"
"2006","New Hampshire","149","1,308,389","11.39","11.19","4,958"
"2006","New Jersey","847","8,661,679","9.78","9.67","28,738"
"2006","New Mexico","418","1,962,137","21.30","21.73","13,755"
"2006","New York","1,680","19,104,631","8.79","8.58","53,385"
"2006","North Carolina","1,059","8,917,270","11.88","11.82","36,690"
"2006","North Dakota","14**","649,422","2.16**","2.10**","382"
"2006","Ohio","1,515","11,481,213","13.20","13.23","50,435"
"2006","Oklahoma","563","3,594,090","15.67","16.16","18,768"
"2006","Oregon","485","3,670,883","13.21","12.86","15,196"
"2006","Pennsylvania","1,638","12,510,809","13.09","13.48","58,218"
"2006","Rhode Island","175","1,063,096","16.46","16.38","5,809"
"2006","South Carolina","554","4,357,847","12.71","12.64","17,670"
"2006","South Dakota","37","783,033","4.73","5.21","1,260"
"2006","Tennessee","975","6,088,766","16.01","15.92","32,939"
"2006","Texas","2,191","23,359,580","9.38","9.45","74,810"
"2006","Utah","444","2,525,507","17.58","19.05","15,633"
"2006","Vermont","75","622,892","12.04","12.15","2,550"
"2006","Virginia","629","7,673,725","8.20","7.99","21,771"
"2006","Washington","897","6,370,753","14.08","13.54","28,062"
"2006","West Virginia","362","1,827,912","19.80","20.38","13,074"
"2006","Wisconsin","593","5,577,655","10.63","10.60","19,331"
"2006","Wyoming","55","522,667","10.52","10.36","1,732"
"2005","Alabama","283","4,569,805","6.19","6.32","10,049"
"2005","Alaska","79","666,835","11.85","11.41","2,788"
"2005","Arizona","794","5,839,077","13.60","14.12","25,556"
"2005","Arkansas","269","2,781,097","9.67","10.07","9,215"
"2005","California","3,214","35,827,943","8.97","8.96","94,703"
"2005","Colorado","608","4,631,888","13.13","12.59","19,445"
"2005","Connecticut","295","3,506,956","8.41","8.50","10,600"
"2005","Delaware","62","845,150","7.34","7.43","2,198"
"2005","District of Columbia","77","567,136","13.58","13.61","2,122"
"2005","Florida","2,371","17,842,038","13.29","13.52","79,302"
"2005","Georgia","738","8,925,922","8.27","8.15","24,477"
"2005","Hawaii","126","1,292,729","9.75","9.37","3,671"
"2005","Idaho","109","1,428,241","7.63","8.08","3,447"
"2005","Illinois","1,067","12,609,903","8.46","8.40","36,442"
"2005","Indiana","610","6,278,616","9.72","9.82","21,973"
"2005","Iowa","141","2,964,454","4.76","4.82","4,573"
"2005","Kansas","241","2,745,299","8.78","9.02","8,026"
"2005","Kentucky","638","4,182,742","15.25","15.32","22,648"
"2005","Louisiana","661","4,576,628","14.44","14.64","24,280"
"2005","Maine","163","1,318,787","12.36","12.41","5,602"
"2005","Maryland","656","5,592,379","11.73","11.39","21,747"
"2005","Massachusetts","780","6,403,290","12.18","11.96","26,645"
"2005","Michigan","985","10,051,137","9.80","9.76","32,905"
"2005","Minnesota","282","5,119,598","5.51","5.43","9,399"
"2005","Mississippi","248","2,905,943","8.53","8.82","8,634"
"2005","Missouri","608","5,790,300","10.50","10.65","20,479"
"2005","Montana","96","940,102","10.21","10.14","3,045"
"2005","Nebraska","86","1,761,497","4.88","5.00","2,693"
"2005","Nevada","457","2,432,143","18.79","18.62","14,790"
"2005","New Hampshire","142","1,298,492","10.94","10.70","5,016"
"2005","New Jersey","823","8,651,974","9.51","9.41","28,353"
"2005","New Mexico","373","1,932,274","19.30","20.03","12,035"
"2005","New York","944","19,132,610","4.93","4.80","29,199"
"2005","North Carolina","1,000","8,705,407","11.49","11.39","34,429"
"2005","North Dakota","12**","646,089","1.86**","1.81**","403"
"2005","Ohio","1,243","11,463,320","10.84","10.89","41,435"
"2005","Oklahoma","478","3,548,597","13.47","13.82","16,168"
"2005","Oregon","386","3,613,202","10.68","10.41","11,826"
"2005","Pennsylvania","1,613","12,449,990","12.96","13.17","56,039"
"2005","Rhode Island","156","1,067,916","14.61","14.28","4,818"
"2005","South Carolina","427","4,270,150","10.00","9.90","13,967"
"2005","South Dakota","40","775,493","5.16","5.58","1,373"
"2005","Tennessee","872","5,991,057","14.56","14.50","29,033"
"2005","Texas","1,910","22,778,123","8.39","8.50","64,645"
"2005","Utah","438","2,457,719","17.82","19.31","15,727"
"2005","Vermont","53","621,215","8.53","8.36","1,659"
"2005","Virginia","581","7,577,105","7.67","7.48","19,706"
"2005","Washington","850","6,257,305","13.58","12.96","25,999"
"2005","West Virginia","184","1,820,492","10.11","10.45","6,533"
"2005","Wisconsin","518","5,546,166","9.34","9.31","17,400"
"2005","Wyoming","26","514,157","5.06","4.90","857"
"2004","Alabama","283","4,530,729","6.25","6.31","9,740"
"2004","Alaska","86","659,199","13.05","12.81","3,185"
"2004","Arizona","744","5,652,404","13.16","13.69","23,707"
"2004","Arkansas","230","2,749,686","8.37","8.60","7,982"
"2004","California","3,125","35,574,576","8.78","8.80","95,422"
"2004","Colorado","518","4,575,013","11.32","10.89","16,812"
"2004","Connecticut","333","3,496,094","9.53","9.64","12,004"
"2004","Delaware","63","830,803","7.58","7.62","2,135"
"2004","District of Columbia","87","567,754","15.32","15.63","2,402"
"2004","Florida","2,264","17,415,318","13.00","13.21","74,567"
"2004","Georgia","666","8,769,252","7.60","7.47","22,423"
"2004","Hawaii","103","1,273,569","8.09","7.87","2,998"
"2004","Idaho","98","1,391,802","7.04","7.44","3,260"
"2004","Illinois","1,035","12,589,773","8.22","8.25","35,613"
"2004","Indiana","542","6,233,007","8.70","8.75","18,933"
"2004","Iowa","122","2,953,635","4.13","4.24","3,915"
"2004","Kansas","224","2,734,373","8.19","8.45","7,439"
"2004","Kentucky","526","4,146,101","12.69","12.72","18,721"
"2004","Louisiana","539","4,552,238","11.84","12.01","19,790"
"2004","Maine","140","1,313,688","10.66","11.02","5,206"
"2004","Maryland","676","5,546,935","12.19","11.85","22,714"
"2004","Massachusetts","669","6,412,281","10.43","10.23","23,344"
"2004","Michigan","867","10,055,315","8.62","8.63","29,210"
"2004","Minnesota","250","5,087,713","4.91","4.84","7,894"
"2004","Mississippi","224","2,889,010","7.75","8.13","7,940"
"2004","Missouri","548","5,747,741","9.53","9.74","18,895"
"2004","Montana","98","930,009","10.54","10.74","3,118"
"2004","Nebraska","59","1,749,370","3.37","3.59","2,085"
"2004","Nevada","380","2,346,222","16.20","16.01","12,632"
"2004","New Hampshire","124","1,290,121","9.61","9.51","4,277"
"2004","New Jersey","590","8,634,561","6.83","6.76","20,383"
"2004","New Mexico","314","1,903,808","16.49","16.93","10,254"
"2004","New York","831","19,171,567","4.34","4.25","25,915"
"2004","North Carolina","854","8,553,152","9.99","9.91","29,220"
"2004","North Dakota","17**","644,705","2.64**","2.48**","619"
"2004","Ohio","1,136","11,452,251","9.92","9.90","37,738"
"2004","Oklahoma","476","3,525,233","13.50","13.87","16,075"
"2004","Oregon","365","3,569,463","10.23","9.99","11,168"
"2004","Pennsylvania","1,544","12,410,722","12.44","12.70","54,997"
"2004","Rhode Island","106","1,074,579","9.86","9.71","3,571"
"2004","South Carolina","356","4,210,921","8.45","8.43","11,593"
"2004","South Dakota","43","770,396","5.58","5.80","1,453"
"2004","Tennessee","763","5,910,809","12.91","12.81","25,332"
"2004","Texas","1,813","22,394,023","8.10","8.17","62,825"
"2004","Utah","358","2,401,580","14.91","16.32","12,860"
"2004","Vermont","50","619,920","8.07","8.17","1,751"
"2004","Virginia","558","7,475,575","7.46","7.29","19,472"
"2004","Washington","811","6,178,645","13.13","12.70","25,363"
"2004","West Virginia","333","1,816,438","18.33","18.69","11,588"
"2004","Wisconsin","437","5,514,026","7.93","7.81","13,871"
"2004","Wyoming","46","509,106","9.04","8.99","1,562"
"2003","Alabama","197","4,503,491","4.37","4.44","6,654"
"2003","Alaska","83","648,326","12.80","12.75","3,098"
"2003","Arizona","674","5,510,364","12.23","12.75","21,807"
"2003","Arkansas","184","2,724,816","6.75","7.06","6,397"
"2003","California","3,108","35,253,159","8.82","8.91","94,224"
"2003","Colorado","502","4,528,732","11.09","10.70","16,442"
"2003","Connecticut","307","3,484,336","8.81","8.75","10,679"
"2003","Delaware","77","818,003","9.41","9.46","2,701"
"2003","District of Columbia","103","568,502","18.12","17.93","2,885"
"2003","Florida","2,054","17,004,085","12.08","12.34","68,879"
"2003","Georgia","607","8,622,793","7.04","6.92","20,892"
"2003","Hawaii","92","1,251,154","7.35","7.09","2,488"
"2003","Idaho","102","1,363,380","7.48","7.90","3,266"
"2003","Illinois","847","12,556,006","6.75","6.73","29,766"
"2003","Indiana","434","6,196,638","7.00","7.07","15,284"
"2003","Iowa","96","2,941,999","3.26","3.37","3,277"
"2003","Kansas","188","2,723,004","6.90","7.01","6,269"
"2003","Kentucky","560","4,117,170","13.60","13.53","19,682"
"2003","Louisiana","536","4,521,042","11.86","12.07","19,729"
"2003","Maine","133","1,306,513","10.18","10.33","4,806"
"2003","Maryland","779","5,496,269","14.17","13.75","26,103"
"2003","Massachusetts","823","6,422,565","12.81","12.59","29,409"
"2003","Michigan","761","10,041,152","7.58","7.57","24,634"
"2003","Minnesota","246","5,053,572","4.87","4.78","7,946"
"2003","Mississippi","207","2,868,312","7.22","7.47","7,145"
"2003","Missouri","522","5,709,403","9.14","9.26","17,748"
"2003","Montana","93","919,630","10.11","10.57","3,068"
"2003","Nebraska","55","1,738,643","3.16","3.20","1,713"
"2003","Nevada","342","2,248,850","15.21","15.18","10,970"
"2003","New Hampshire","127","1,279,840","9.92","9.60","4,305"
"2003","New Jersey","721","8,601,402","8.38","8.29","25,100"
"2003","New Mexico","358","1,877,574","19.07","19.73","11,656"
"2003","New York","964","19,175,939","5.03","4.95","30,478"
"2003","North Carolina","762","8,422,501","9.05","8.99","26,375"
"2003","North Dakota","22","638,817","3.44","3.44","748"
"2003","Ohio","775","11,434,788","6.78","6.79","25,706"
"2003","Oklahoma","400","3,504,892","11.41","11.74","13,637"
"2003","Oregon","355","3,547,376","10.01","9.75","11,095"
"2003","Pennsylvania","1,381","12,374,658","11.16","11.37","48,751"
"2003","Rhode Island","146","1,071,342","13.63","13.69","4,946"
"2003","South Carolina","287","4,150,297","6.92","6.97","9,334"
"2003","South Dakota","24","763,729","3.14","3.36","835"
"2003","Tennessee","662","5,847,812","11.32","11.32","22,724"
"2003","Texas","1,753","22,030,931","7.96","8.05","60,457"
"2003","Utah","353","2,360,137","14.96","16.06","13,302"
"2003","Vermont","65","617,858","10.52","10.19","2,020"
"2003","Virginia","547","7,366,977","7.43","7.22","18,636"
"2003","Washington","696","6,104,115","11.40","11.02","22,702"
"2003","West Virginia","262","1,812,295","14.46","15.04","9,314"
"2003","Wisconsin","383","5,479,203","6.99","6.97","12,936"
"2003","Wyoming","30","503,453","5.96","5.80","984"
"2002","Alabama","211","4,480,089","4.71","4.74","7,186"
"2002","Alaska","84","642,270","13.08","12.14","2,723"
"2002","Arizona","624","5,396,255","11.56","11.99","20,465"
"2002","Arkansas","176","2,705,927","6.50","6.80","6,229"
"2002","California","2,975","34,871,843","8.53","8.64","90,976"
"2002","Colorado","448","4,490,406","9.98","9.70","14,632"
"2002","Connecticut","354","3,458,749","10.24","10.26","12,949"
"2002","Delaware","84","806,169","10.42","10.46","2,846"
"2002","District of Columbia","61","573,158","10.64","10.99","1,659"
"2002","Florida","1,927","16,689,370","11.55","11.81","64,962"
"2002","Georgia","563","8,508,256","6.62","6.50","19,294"
"2002","Hawaii","77","1,239,613","6.21","6.12","2,185"
"2002","Idaho","117","1,340,372","8.73","9.11","3,403"
"2002","Illinois","986","12,525,556","7.87","7.88","33,653"
"2002","Indiana","293","6,155,967","4.76","4.80","10,008"
"2002","Iowa","91","2,934,234","3.10","3.14","2,893"
"2002","Kansas","170","2,713,535","6.27","6.42","5,512"
"2002","Kentucky","426","4,089,875","10.42","10.41","15,179"
"2002","Louisiana","365","4,497,267","8.12","8.25","13,762"
"2002","Maine","139","1,295,960","10.73","11.05","5,114"
"2002","Maryland","723","5,440,389","13.29","12.87","24,959"
"2002","Massachusetts","705","6,417,206","10.99","10.71","24,419"
"2002","Michigan","751","10,015,710","7.50","7.49","24,649"
"2002","Minnesota","201","5,018,935","4.01","3.95","6,645"
"2002","Mississippi","183","2,858,681","6.40","6.62","6,517"
"2002","Missouri","416","5,674,825","7.33","7.44","14,485"
"2002","Montana","78","911,667","8.56","8.66","2,492"
"2002","Nebraska","66","1,728,292","3.82","3.94","2,154"
"2002","Nevada","323","2,173,791","14.86","14.73","10,225"
"2002","New Hampshire","111","1,269,089","8.75","8.75","4,129"
"2002","New Jersey","813","8,552,643","9.51","9.33","28,061"
"2002","New Mexico","287","1,855,309","15.47","16.10","9,653"
"2002","New York","923","19,137,800","4.82","4.77","30,080"
"2002","North Carolina","647","8,326,201","7.77","7.72","22,220"
"2002","North Dakota","17**","638,168","2.66**","2.62**","523"
"2002","Ohio","931","11,407,889","8.16","8.19","30,641"
"2002","Oklahoma","240","3,489,080","6.88","7.06","7,693"
"2002","Oregon","318","3,513,424","9.05","8.92","10,038"
"2002","Pennsylvania","1,097","12,331,031","8.90","9.07","38,988"
"2002","Rhode Island","99","1,065,995","9.29","9.32","3,502"
"2002","South Carolina","217","4,107,795","5.28","5.34","7,380"
"2002","South Dakota","22","760,020","2.90","3.04","850"
"2002","Tennessee","491","5,795,918","8.47","8.43","16,902"
"2002","Texas","1,598","21,690,325","7.37","7.48","54,876"
"2002","Utah","288","2,324,815","12.39","14.00","10,064"
"2002","Vermont","47","615,442","7.64","7.51","1,783"
"2002","Virginia","509","7,286,873","6.99","6.78","17,899"
"2002","Washington","643","6,052,349","10.62","10.37","20,588"
"2002","West Virginia","229","1,805,414","12.68","12.90","8,376"
"2002","Wisconsin","340","5,445,162","6.24","6.18","10,908"
"2002","Wyoming","34","500,017","6.80","6.80","1,235"
"2001","Alabama","216","4,467,634","4.84","4.88","7,137"
"2001","Alaska","62","633,687","9.78","9.41","2,224"
"2001","Arizona","552","5,273,477","10.47","10.93","18,689"
"2001","Arkansas","126","2,691,571","4.68","4.86","4,327"
"2001","California","1,226","34,479,458","3.56","3.61","37,831"
"2001","Colorado","411","4,425,687","9.29","8.97","13,476"
"2001","Connecticut","307","3,432,835","8.94","8.80","10,458"
"2001","Delaware","64","795,699","8.04","8.07","2,233"
"2001","District of Columbia","93","574,504","16.19","16.30","2,762"
"2001","Florida","1,746","16,356,966","10.67","10.96","59,759"
"2001","Georgia","511","8,377,038","6.10","6.01","17,262"
"2001","Hawaii","77","1,225,948","6.28","6.16","2,444"
"2001","Idaho","98","1,319,962","7.42","7.83","3,241"
"2001","Illinois","892","12,488,445","7.14","7.15","30,714"
"2001","Indiana","283","6,127,760","4.62","4.67","9,927"
"2001","Iowa","87","2,931,997","2.97","2.99","2,888"
"2001","Kansas","138","2,702,162","5.11","5.27","4,433"
"2001","Kentucky","345","4,068,132","8.48","8.42","12,295"
"2001","Louisiana","265","4,477,875","5.92","5.99","9,471"
"2001","Maine","85","1,285,692","6.61","6.53","2,881"
"2001","Maryland","639","5,374,691","11.89","11.50","22,152"
"2001","Massachusetts","689","6,397,634","10.77","10.46","24,617"
"2001","Michigan","621","9,991,120","6.22","6.18","20,079"
"2001","Minnesota","185","4,982,796","3.71","3.66","5,992"
"2001","Mississippi","169","2,852,994","5.92","6.18","5,880"
"2001","Missouri","351","5,641,142","6.22","6.28","11,640"
"2001","Montana","56","906,961","6.17","6.25","1,782"
"2001","Nebraska","66","1,719,836","3.84","3.96","2,344"
"2001","Nevada","261","2,098,399","12.44","12.26","8,359"
"2001","New Hampshire","79","1,255,517","6.29","6.06","2,699"
"2001","New Jersey","705","8,492,671","8.30","8.14","24,616"
"2001","New Mexico","258","1,831,690","14.09","14.40","8,363"
"2001","New York","1,079","19,082,838","5.65","5.57","35,094"
"2001","North Carolina","551","8,210,122","6.71","6.65","18,480"
"2001","North Dakota","14**","639,062","2.19**","2.39**","487"
"2001","Ohio","737","11,387,404","6.47","6.47","24,677"
"2001","Oklahoma","269","3,467,100","7.76","7.99","9,372"
"2001","Oregon","241","3,467,937","6.95","6.88","7,672"
"2001","Pennsylvania","958","12,298,970","7.79","7.91","33,996"
"2001","Rhode Island","110","1,057,142","10.41","10.17","3,836"
"2001","South Carolina","242","4,064,995","5.95","5.94","7,976"
"2001","South Dakota","24","757,972","3.17","3.23","723"
"2001","Tennessee","424","5,750,789","7.37","7.35","14,372"
"2001","Texas","1,374","21,319,622","6.45","6.55","46,462"
"2001","Utah","209","2,283,715","9.15","10.45","7,110"
"2001","Vermont","44","612,223","7.19","7.10","1,620"
"2001","Virginia","459","7,198,362","6.38","6.17","15,848"
"2001","Washington","499","5,985,722","8.34","8.12","16,608"
"2001","West Virginia","206","1,801,481","11.44","11.52","6,904"
"2001","Wisconsin","269","5,406,835","4.98","4.94","8,926"
"2001","Wyoming","22","494,657","4.45","4.60","822"
"Total","","898,100","6,183,750,384","14.52","--","29,001,642"
"","","","","","",""
"Injury Outcome: Fatal","","","","","",""
"Injury Type: All Injury","","","","","",""
"Data Years: 2001 to 2020","","","","","",""
"Geography: United States","","","","","",""
"Intent: All Intents","","","","","",""
"Mechanism: Drug Poisoning","","","","","",""
"Age: All Ages","","","","","",""
"Sex: Both Sexes","","","","","",""
"Race: All Races","","","","","",""
"Ethnicity: All Ethnicities","","","","","",""
"Metro / Non-Metro Indicator: None Selected","","","","","",""
"YPLL Age: 75","","","","","",""
"Produced by: National Center for Injury Prevention and Control, CDC.","","","","","",""