Jurisdiction,year,alldrug_deaths,alldrug_rate,opioids_deaths,opioids_rate,imfs_deaths,imfs_rate,heroin_deaths,heroin_rate,rxopioids_deaths,rxopioids_rate,stimulant_deaths,stimulant_rate,cocaine_deaths,cocaine_rate,meth_deaths,meth_rate,opioids_percent,imfs_percent,heroin_percent,rxopioids_percent,stimulant_percent,cocaine_percent,meth_percent,Combo1_drugs,Combo1_deaths,Combo1_percent,Combo2_drugs,Combo2_deaths,Combo2_percent,Combo3_drugs,Combo3_deaths,Combo3_percent,Combo4_drugs,Combo4_deaths,Combo4_percent,Combo5_drugs,Combo5_deaths,Combo5_percent,opioids_stim_deaths,opioids_stim_percent,opioids_nostim_deaths,opioids_nostim_percent,stim_noopioids_deaths,stim_noopioids_percent,noopioids_nostim_deaths,noopioids_nostim_percent,jan_deaths,feb_deaths,mar_deaths,apr_deaths,may_deaths,jun_deaths,jul_deaths,aug_deaths,sep_deaths,oct_deaths,nov_deaths,dec_deaths,male_deaths,male_rate,male_percent,female_deaths,female_rate,female_percent,asian_nh_deaths,asian_nh_rate,asian_nh_percent,aian_nh_deaths,aian_nh_rate,aian_nh_percent,black_nh_deaths,black_nh_rate,black_nh_percent,white_nh_deaths,white_nh_rate,white_nh_percent,multi_nh_deaths,multi_nh_rate,multi_nh_percent,nhpi_nh_deaths,nhpi_nh_rate,nhpi_nh_percent,hisp_deaths,hisp_rate,hisp_percent,age_under15_deaths,age_under15_rate,age_under15_percent,age_15_24_deaths,age_15_24_rate,age_15_24_percent,age_25_34_deaths,age_25_34_rate,age_25_34_percent,age_35_44_deaths,age_35_44_rate,age_35_44_percent,age_45_54_deaths,age_45_54_rate,age_45_54_percent,age_55_64_deaths,age_55_64_rate,age_55_64_percent,age_65plus_deaths,age_65plus_rate,age_65plus_percent,male_under15_deaths,male_under15_rate,male_under15_percent,male_15_24_deaths,male_15_24_rate,male_15_24_percent,male_25_34_deaths,male_25_34_rate,male_25_34_percent,male_35_44_deaths,male_35_44_rate,male_35_44_percent,male_45_54_deaths,male_45_54_rate,male_45_54_percent,male_55_64_deaths,male_55_64_rate,male_55_64_percent,male_65plus_deaths,male_65plus_rate,male_65plus_percent,female_under15_deaths,female_under15_rate,female_under15_percent,female_15_24_deaths,female_15_24_rate,female_15_24_percent,female_25_34_deaths,female_25_34_rate,female_25_34_percent,female_35_44_deaths,female_35_44_rate,female_35_44_percent,female_45_54_deaths,female_45_54_rate,female_45_54_percent,female_55_64_deaths,female_55_64_rate,female_55_64_percent,female_65plus_deaths,female_65plus_rate,female_65plus_percent,intervopp_deaths,intervopp_percent,bystander_deaths,bystander_percent,mhdiag_deaths,mhdiag_percent,curr_SUDtrt_deaths,curr_SUDtrt_percent,priorod_deaths,priorod_percent,drugusewitnessed_deaths,drugusewitnessed_percent,recentrelease_deaths,recentrelease_percent,curr_paintrt_deaths,curr_paintrt_percent,homeless_deaths,homeless_percent,naloxone_deaths,naloxone_percent,returnopioids_deaths,returnopioids_percent,
Alaska,2020,172,23.9,112,15.5,58,8.0,48,6.7,47,6.6,116,16.2,28,3.9,94,13.2,65.1,33.7,27.9,27.3,67.4,16.3,54.7,Methamphetamine and other opioids or stimulants,23,13.4,Methamphetamine with no other stimulants or opioids,21,12.2,Illicitly Manufactured Fentanyls with no other opioids or stimulants,19,11.0,"Heroin, Prescription Opioids, and Methamphetamine",12,7.0,Prescription Opioids with no other opioids or stimulants,12,7.0,61,35.5,51,29.7,55,32.0,5,2.9,12,11,8,13,19,18,16,13,16,11,18,17,111,29.1,64.5,61,18.1,35.5,4,9999,2.4,46,46.0,27.5,11,9999,6.6,87,19.9,52.1,16,9999,9.6,0,9999,0.0,3,9999,1.8,0,9999,0.0,19,9999,11.0,40,34.4,23.3,43,43.8,25.0,36,43.1,20.9,28,30.6,16.3,6,9999,3.5,0,9999,0.0,15,9999,13.5,27,43.6,24.3,25,48.8,22.5,20,45.9,18.0,20,42.3,18.0,4,9999,3.6,0,9999,0.0,4,9999,6.6,13,9999,21.3,18,9999,29.5,16,9999,26.2,8,9999,13.1,2,9999,3.3,137,79.7,100,58.1,64,37.2,8,4.7,17,9.9,23,13.4,12,7.0,34,19.8,12,7.1,20,11.6,2,1.2,
Arizona,2020,2405,33.9,1857,26.1,1463,20.6,284,4.0,303,4.2,1193,17.0,202,2.9,998,14.2,77.2,60.8,11.8,12.6,49.6,8.4,41.5,Illicitly Manufactured Fentanyls with no other opioids or stimulants,841,35.0,Methamphetamine with no other stimulants or opioids,397,16.5,Illicitly Manufactured Fentanyls and Methamphetamine,311,12.9,Prescription Opioids with no other opioids or stimulants,113,4.7,Illicitly Manufactured Fentanyls and Cocaine,103,4.3,708,29.4,1149,47.8,485,20.2,63,2.6,165,152,184,166,218,267,317,281,182,182,171,120,1766,49.6,73.4,639,18.0,26.6,10,9999,0.4,131,43.9,5.5,197,57.1,8.3,1335,36.5,56.0,7,9999,0.3,2,9999,0.1,701,29.0,29.4,16,9999,0.7,366,37.1,15.2,646,62.7,26.9,497,54.4,20.7,439,51.1,18.3,339,37.9,14.1,101,7.4,4.2,9,9999,0.5,297,58.6,16.8,486,90.8,27.5,351,75.7,19.9,324,76.1,18.3,234,54.7,13.3,65,10.3,3.7,7,9999,1.1,69,14.4,10.8,160,32.3,25.1,146,32.4,22.9,115,26.5,18.0,105,22.5,16.5,36,4.9,5.6,1846,77.4,1491,62.5,633,26.6,99,4.2,257,10.8,251,10.5,273,11.5,219,9.2,383,16.1,641,26.9,126,5.3,
Colorado,2020,1327,22.4,974,16.3,557,9.3,276,4.6,399,6.7,804,13.6,277,4.6,523,8.9,73.4,42.0,20.8,30.1,60.6,20.9,39.4,Illicitly Manufactured Fentanyls with no other opioids or stimulants,214,16.1,Methamphetamine and other opioids or stimulants,180,13.6,Illicitly Manufactured Fentanyls and Cocaine,117,8.8,Prescription Opioids with no other opioids or stimulants,112,8.4,Illicitly Manufactured Fentanyls and Methamphetamine,78,5.9,514,38.7,460,34.7,290,21.9,63,4.7,94,83,109,127,141,97,123,141,110,90,107,105,944,31.1,71.1,383,13.3,28.9,11,9999,0.8,16,9999,1.2,98,40.0,7.5,834,20.6,63.4,18,9999,1.4,1,9999,0.1,337,26.4,25.6,3,9999,0.2,153,20.5,11.5,344,37.2,25.9,331,40.6,24.9,229,32.5,17.3,210,29.6,15.8,57,6.5,4.3,2,9999,0.2,110,28.4,11.7,258,53.3,27.3,238,56.6,25.2,149,41.5,15.8,153,44.2,16.2,34,8.5,3.6,1,9999,0.3,43,12.0,11.2,86,19.6,22.5,93,23.5,24.3,80,23.1,20.9,57,15.7,14.9,23,4.9,6.0,848,67.3,645,51.2,319,25.3,54,4.3,111,8.8,126,10.0,118,9.5,145,11.5,134,10.7,187,15.7,123,9.8,
Connecticut,2020,1374,39.4,1278,36.7,1158,33.4,261,7.3,326,9.1,570,16.4,496,14.3,29,0.9,93.0,84.3,19.0,23.7,41.5,36.1,2.1,Illicitly Manufactured Fentanyls with no other opioids or stimulants,427,31.1,Illicitly Manufactured Fentanyls and Cocaine,275,20.0,Illicitly Manufactured Fentanyls and Prescription Opioids,119,8.7,Illicitly Manufactured Fentanyls and Heroin,105,7.6,"Illicitly Manufactured Fentanyls, Heroin, and Cocaine",72,5.2,513,37.3,765,55.7,57,4.1,39,2.8,106,91,106,133,121,121,137,98,124,102,111,124,1032,60.0,75.1,342,19.3,24.9,6,9999,0.4,5,9999,0.4,190,49.8,13.9,934,42.6,68.4,3,9999,0.2,0,9999,0.0,228,39.4,16.7,1,9999,0.1,82,17.3,6.0,306,68.2,22.3,351,81.3,25.5,298,64.7,21.7,276,53.8,20.1,60,9.3,4.4,1,9999,0.1,60,24.8,5.8,242,105.5,23.4,262,123.1,25.4,218,97.7,21.1,202,81.7,19.6,47,16.6,4.6,0,9999,0.0,22,9.5,6.4,64,29.2,18.7,89,40.6,26.0,80,33.6,23.4,74,27.9,21.6,13,9999,3.8,1026,74.7,761,55.4,417,30.3,132,9.6,147,10.7,157,11.4,134,9.8,117,8.5,62,4.5,425,31.0,75,5.5,
Delaware,2020,445,47.3,416,44.4,371,39.9,105,11.3,78,8.1,195,20.9,153,16.2,43,4.8,93.5,83.4,23.6,17.5,43.8,34.4,9.7,Illicitly Manufactured Fentanyls with no other opioids or stimulants,115,25.8,Illicitly Manufactured Fentanyls and Cocaine,74,16.6,Illicitly Manufactured Fentanyls and Heroin,54,12.1,"Illicitly Manufactured Fentanyls, Heroin, and Cocaine",32,7.2,Illicitly Manufactured Fentanyls and other opioids or stimulants,29,6.5,172,38.7,244,54.8,23,5.2,6,1.3,36,41,35,41,54,45,40,41,35,27,23,27,305,67.0,68.5,140,28.8,31.5,3,9999,0.7,0,9999,0.0,87,40.3,19.6,332,59.6,74.8,0,9999,0.0,0,9999,0.0,22,24.0,5.0,0,9999,0.0,25,21.2,5.6,95,73.3,21.3,131,113.1,29.4,85,72.9,19.1,93,66.5,20.9,16,9999,3.6,0,9999,0.0,14,9999,4.6,72,111.0,23.6,85,149.8,27.9,64,114.8,21.0,58,88.7,19.0,12,9999,3.9,0,9999,0.0,11,9999,7.9,23,35.5,16.4,46,77.8,32.9,21,34.5,15.0,35,47.1,25.0,4,9999,2.9,388,87.8,305,69.0,123,27.8,68,15.4,92,20.8,38,8.6,93,21.0,50,11.3,53,12.0,52,11.8,61,13.8,
District of Columbia,2020,509,78.5,410,62.9,382,58.6,114,17.6,62,9.5,201,31.7,186,29.6,8,9999,80.6,75.0,22.4,12.2,39.5,36.5,1.6,Illicitly Manufactured Fentanyls with no other opioids or stimulants,143,28.1,Illicitly Manufactured Fentanyls and Cocaine,93,18.3,Illicitly Manufactured Fentanyls and Heroin,59,11.6,Cocaine with no other stimulants or opioids,38,7.5,"Illicitly Manufactured Fentanyls, Heroin, and Cocaine",35,6.9,155,30.5,255,50.1,46,9.0,53,10.4,49,36,36,58,53,42,34,54,41,35,35,36,363,117.7,71.3,146,43.8,28.7,3,9999,0.6,0,9999,0.0,421,137.3,85.6,38,14.9,7.7,2,9999,0.4,0,9999,0.0,28,33.6,5.7,0,9999,0.0,18,9999,3.5,66,40.1,13.0,71,62.8,13.9,120,162.0,23.6,175,250.7,34.4,59,65.7,11.6,0,9999,0.0,14,9999,3.9,42,54.2,11.6,57,103.0,15.7,82,222.0,22.6,119,354.7,32.8,49,133.3,13.5,0,9999,0.0,4,9999,2.7,24,27.5,16.4,14,9999,9.6,38,102.4,26.0,56,154.5,38.4,10,9999,6.8,449,88.4,311,61.2,175,34.4,68,13.4,190,37.4,55,10.8,77,15.2,106,20.9,113,22.6,166,33.5,31,6.1,
Georgia,2020,1809,17.0,1254,11.8,829,7.8,467,4.4,364,3.4,954,9.0,393,3.7,586,5.6,69.3,45.8,25.8,20.1,52.7,21.7,32.4,Illicitly Manufactured Fentanyls with no other opioids or stimulants,222,12.3,Prescription Opioids with no other opioids or stimulants,200,11.1,Cocaine with no other stimulants or opioids,144,8.0,Methamphetamine with no other stimulants or opioids,142,7.8,Illicitly Manufactured Fentanyls and Heroin,114,6.3,537,29.7,717,39.6,417,23.1,138,7.6,108,130,151,183,181,176,180,147,130,137,143,143,1199,23.2,66.3,610,11.1,33.7,15,9999,0.8,1,9999,0.1,437,12.8,24.2,1296,24.0,71.8,4,9999,0.2,1,9999,0.1,50,4.7,2.8,2,9999,0.1,126,8.6,7.0,427,28.3,23.6,495,35.5,27.4,364,26.2,20.1,302,22.8,16.7,93,5.9,5.1,2,9999,0.2,92,12.4,7.7,304,40.6,25.4,338,50.2,28.2,223,33.1,18.6,182,28.9,15.2,58,8.4,4.8,0,9999,0.0,34,4.7,5.6,123,16.2,20.2,157,21.7,25.7,141,19.6,23.1,120,17.3,19.7,35,3.9,5.7,1238,74.5,991,59.7,359,21.6,79,4.8,156,9.4,240,14.4,187,11.3,337,20.3,118,7.1,346,20.8,125,7.5,
Kansas,2020,433,15.6,241,8.6,151,5.4,35,1.3,70,2.5,225,8.2,44,1.5,182,6.7,55.7,34.9,8.1,16.2,52.0,10.2,42.0,Illicitly Manufactured Fentanyls with no other opioids or stimulants,90,20.8,Methamphetamine and other opioids or stimulants,84,19.4,Methamphetamine with no other stimulants or opioids,41,9.5,Prescription Opioids with no other opioids or stimulants,39,9.0,Illicitly Manufactured Fentanyls and Methamphetamine,25,5.8,76,17.6,165,38.1,149,34.4,43,9.9,40,33,30,30,44,41,49,41,25,36,25,39,285,20.3,65.8,148,10.9,34.2,4,9999,1.0,8,9999,1.9,45,27.6,10.7,318,15.3,75.5,9,9999,2.1,2,9999,0.5,35,9.1,8.3,6,9999,1.4,63,15.3,14.5,92,24.1,21.2,86,23.6,19.9,80,24.7,18.5,87,23.7,20.1,19,9999,4.4,5,9999,1.8,47,22.0,16.5,68,34.5,23.9,47,25.5,16.5,47,29.0,16.5,58,32.5,20.4,13,9999,4.6,1,9999,0.7,16,9999,10.8,24,13.0,16.2,39,21.6,26.4,33,20.4,22.3,29,15.4,19.6,6,9999,4.1,237,59.4,162,40.6,103,25.8,7,1.8,22,5.5,46,11.5,3,0.8,10,2.5,16,4.0,46,11.5,4,1.0,
Kentucky,2020,2046,47.6,1744,40.7,1508,35.2,260,6.1,407,9.4,919,21.6,192,4.5,727,17.1,85.2,73.7,12.7,19.9,44.9,9.4,35.5,Illicitly Manufactured Fentanyls with no other opioids or stimulants,613,30.0,Illicitly Manufactured Fentanyls and Methamphetamine,378,18.5,Prescription Opioids with no other opioids or stimulants,140,6.8,Methamphetamine with no other stimulants or opioids,138,6.7,Illicitly Manufactured Fentanyls and Prescription Opioids,112,5.5,708,34.6,1036,50.6,211,10.3,91,4.4,113,136,150,173,249,159,190,171,164,168,172,201,1428,66.8,69.8,618,28.6,30.2,1,9999,0.0,0,9999,0.0,191,52.1,9.3,1818,50.3,88.9,1,9999,0.0,5,9999,0.2,28,17.2,1.4,3,9999,0.1,134,23.0,6.5,483,81.7,23.6,617,112.0,30.2,420,75.8,20.5,311,52.2,15.2,78,10.1,3.8,0,9999,0.0,93,31.0,6.5,328,108.7,23.0,468,170.7,32.8,271,98.8,19.0,219,76.4,15.3,49,14.3,3.4,3,9999,0.5,41,14.5,6.6,155,53.6,25.1,149,53.8,24.1,149,53.2,24.1,92,29.7,14.9,29,6.8,4.7,963,47.1,664,32.5,252,12.3,49,2.4,156,7.6,134,6.6,198,9.7,123,6.0,87,4.3,185,9.2,144,7.0,
Maine,2020,470,37.0,403,31.9,333,26.6,52,4.2,115,8.9,219,17.7,117,9.4,101,8.3,85.7,70.9,11.1,24.5,46.6,24.9,21.5,Illicitly Manufactured Fentanyls with no other opioids or stimulants,128,27.2,Illicitly Manufactured Fentanyls and Cocaine,62,13.2,Illicitly Manufactured Fentanyls and Methamphetamine,44,9.4,Prescription Opioids with no other opioids or stimulants,39,8.3,Illicitly Manufactured Fentanyls and Prescription Opioids,21,4.5,190,40.4,213,45.3,29,6.2,38,8.1,39,37,40,34,41,50,43,36,36,31,41,42,337,54.1,71.7,133,20.3,28.3,0,9999,0.0,7,9999,1.6,14,9999,3.1,417,35.4,93.3,1,9999,0.2,0,9999,0.0,8,9999,1.8,1,9999,0.2,30,19.8,6.4,96,58.4,20.4,144,91.8,30.6,108,63.3,23.0,76,36.1,16.2,15,9999,3.2,1,9999,0.3,23,29.5,6.8,74,89.3,22.0,101,130.4,30.0,80,95.9,23.7,48,47.3,14.2,10,9999,3.0,0,9999,0.0,7,9999,5.3,22,27.0,16.5,43,54.2,32.3,28,32.2,21.1,28,25.7,21.1,5,9999,3.8,380,80.9,282,60.0,134,28.5,85,18.1,76,16.2,56,11.9,36,7.7,20,4.3,69,14.7,168,35.8,44,9.4,
Maryland,2020,2722,44.9,2528,41.7,2350,38.8,368,6.0,465,7.7,1058,17.5,928,15.3,74,1.2,92.9,86.3,13.5,17.1,38.9,34.1,2.7,Illicitly Manufactured Fentanyls with no other opioids or stimulants,1046,38.4,Illicitly Manufactured Fentanyls and Cocaine,612,22.5,Illicitly Manufactured Fentanyls and Heroin,168,6.2,Illicitly Manufactured Fentanyls and Prescription Opioids,165,6.1,Prescription Opioids with no other opioids or stimulants,126,4.6,963,35.4,1565,57.5,95,3.5,99,3.6,184,203,233,191,270,229,228,242,242,267,222,211,1965,66.9,72.2,757,24.3,27.8,18,9999,0.7,10,9999,0.4,1047,55.7,38.6,1506,52.1,55.5,20,18.1,0.7,1,9999,0.0,110,16.0,4.1,3,9999,0.1,136,18.2,5.0,631,76.4,23.2,576,72.7,21.2,632,81.4,23.2,604,73.7,22.2,140,14.2,5.1,3,9999,0.2,109,28.8,5.5,442,107.2,22.5,395,102.2,20.1,462,123.9,23.5,445,114.2,22.6,109,25.5,5.5,0,9999,0.0,27,7.3,3.6,189,45.7,25.0,181,44.6,23.9,170,42.1,22.5,159,37.0,21.0,31,5.5,4.1,2173,79.9,1868,68.7,705,25.9,288,10.6,248,9.1,266,9.8,245,9.0,147,5.4,233,8.6,485,17.9,519,19.1,
Massachusetts,2020,2315,33.7,2117,30.8,1972,28.7,270,4.0,478,7.0,1136,16.6,1032,15.1,102,1.5,91.4,85.2,11.7,20.6,49.1,44.6,4.4,Illicitly Manufactured Fentanyls with no other opioids or stimulants,737,31.8,Illicitly Manufactured Fentanyls and Cocaine,626,27.0,Illicitly Manufactured Fentanyls and Prescription Opioids,152,6.6,Cocaine with no other stimulants or opioids,124,5.4,Illicitly Manufactured Fentanyls and Heroin,107,4.6,980,42.3,1137,49.1,156,6.7,42,1.8,165,196,196,202,225,203,209,177,176,202,180,184,1695,50.3,73.2,620,17.8,26.8,17,9999,0.7,6,9999,0.3,216,42.6,9.4,1702,35.8,74.4,9,9999,0.4,1,9999,0.0,337,40.6,14.7,0,9999,0.0,107,11.6,4.6,556,55.8,24.0,692,80.5,29.9,481,55.2,20.8,391,41.4,16.9,88,7.3,3.8,0,9999,0.0,71,15.4,4.2,399,79.4,23.5,509,120.2,30.0,352,83.4,20.8,297,65.4,17.5,67,12.8,4.0,0,9999,0.0,36,7.7,5.8,157,31.8,25.3,183,42.0,29.5,129,28.7,20.8,94,19.2,15.2,21,3.1,3.4,1584,68.5,1122,48.5,663,28.7,161,7.0,217,9.4,150,6.5,98,4.2,121,5.2,192,8.3,391,17.0,202,8.7,
Michigan,2020,2801,29.1,2339,24.3,2043,21.3,553,5.6,430,4.4,1217,12.7,857,8.9,380,4.0,83.5,72.9,19.7,15.4,43.4,30.6,13.6,Illicitly Manufactured Fentanyls with no other opioids or stimulants,739,26.4,Illicitly Manufactured Fentanyls and Cocaine,453,16.2,Illicitly Manufactured Fentanyls and Heroin,275,9.8,Prescription Opioids with no other opioids or stimulants,180,6.4,Cocaine with no other stimulants or opioids,152,5.4,951,34.0,1388,49.6,266,9.5,196,7.0,183,198,234,231,329,275,259,226,220,239,194,213,1925,40.2,68.7,876,18.1,31.3,9,9999,0.3,16,9999,0.6,673,51.1,24.1,1901,27.0,68.1,41,24.4,1.5,1,9999,0.0,152,30.9,5.4,4,9999,0.1,172,13.2,6.1,670,50.8,23.9,722,61.6,25.8,561,45.8,20.0,509,36.7,18.2,163,9.0,5.8,1,9999,0.1,123,18.5,6.4,471,70.0,24.5,482,82.7,25.0,382,63.3,19.8,349,51.8,18.1,117,14.4,6.1,3,9999,0.3,49,7.7,5.6,199,30.8,22.7,240,40.8,27.4,179,28.8,20.4,160,22.5,18.3,46,4.6,5.3,1298,52.9,854,34.8,454,18.5,63,2.6,181,7.4,203,8.3,229,9.4,275,11.2,122,5.0,596,24.5,161,6.6,
Minnesota,2020,956,17.6,741,13.7,607,11.2,198,3.6,191,3.5,463,8.5,103,1.9,355,6.5,77.5,63.5,20.7,20.0,48.4,10.8,37.1,Illicitly Manufactured Fentanyls with no other opioids or stimulants,224,23.4,Methamphetamine with no other stimulants or opioids,124,13.0,Illicitly Manufactured Fentanyls and Methamphetamine,109,11.4,Illicitly Manufactured Fentanyls and Heroin,73,7.6,Prescription Opioids with no other opioids or stimulants,70,7.3,292,30.5,449,47.0,171,17.9,44,4.6,57,53,76,86,105,77,79,102,74,82,80,85,646,23.5,67.6,310,11.5,32.4,7,9999,0.7,100,177.8,10.5,175,52.3,18.4,604,14.2,63.4,23,24.5,2.4,0,9999,0.0,44,13.2,4.6,2,9999,0.2,121,16.9,12.7,275,36.2,28.8,200,27.0,20.9,186,28.1,19.5,145,19.3,15.2,27,2.8,2.8,2,9999,0.3,82,22.6,12.7,199,51.0,30.8,121,32.2,18.7,127,38.2,19.7,95,25.5,14.7,20,4.6,3.1,0,9999,0.0,39,11.1,12.6,76,20.5,24.5,79,21.7,25.5,59,18.0,19.0,50,13.2,16.1,7,9999,2.3,809,85.0,621,65.2,440,46.2,83,8.7,190,20.0,103,10.8,84,8.9,118,12.4,91,9.6,297,31.2,93,9.8,
Mississippi,2020,476,16.9,325,11.5,245,8.7,68,2.4,84,2.9,223,8.0,55,1.9,172,6.2,68.3,51.5,14.3,17.6,46.8,11.6,36.1,Illicitly Manufactured Fentanyls with no other opioids or stimulants,97,20.4,Illicitly Manufactured Fentanyls and Methamphetamine,58,12.2,Methamphetamine and other opioids or stimulants,44,9.2,Prescription Opioids with no other opioids or stimulants,37,7.8,Methamphetamine with no other stimulants or opioids,23,4.8,127,26.7,198,41.6,96,20.2,55,11.6,28,30,36,35,53,46,44,55,34,35,36,44,304,22.2,63.9,172,11.8,36.1,0,9999,0.0,3,9999,0.6,88,8.2,18.9,361,23.0,77.6,0,9999,0.0,0,9999,0.0,13,9999,2.8,0,9999,0.0,30,7.5,6.3,121,31.1,25.4,139,38.0,29.2,98,27.5,20.6,68,17.8,14.3,20,4.0,4.2,0,9999,0.0,24,11.8,7.9,78,40.3,25.7,95,53.8,31.3,58,33.9,19.1,38,20.9,12.5,11,9999,3.6,0,9999,0.0,6,9999,3.5,43,21.9,25.0,44,23.3,25.6,40,21.6,23.3,30,14.9,17.4,9,9999,5.2,183,50.0,158,43.2,15,4.1,4,1.1,11,3.0,38,10.4,21,5.8,35,9.6,14,3.9,31,8.5,5,1.4,
Montana,2020,122,11.9,72,7.1,24,2.5,35,3.5,26,2.5,67,6.7,6,9999,59,5.9,59.0,19.7,28.7,21.3,54.9,4.9,48.4,Methamphetamine with no other stimulants or opioids,28,23.0,Prescription Opioids with no other opioids or stimulants,17,13.9,Heroin and Methamphetamine,14,11.5,Heroin with no other opioids or stimulants,11,9.0,Illicitly Manufactured Fentanyls with no other opioids or stimulants,8,6.6,29,23.8,43,35.2,38,31.1,12,9.8,10,7,11,18,9,5,11,12,10,8,12,9,90,17.4,73.8,32,6.3,26.2,1,9999,0.8,18,9999,14.8,2,9999,1.6,94,10.7,77.0,3,9999,2.5,0,9999,0.0,4,9999,3.3,0,9999,0.0,9,9999,7.4,23,16.4,18.9,38,28.4,31.1,23,19.6,18.9,23,15.5,18.9,6,9999,4.9,0,9999,0.0,8,9999,8.9,16,9999,17.8,25,36.6,27.8,18,9999,20.0,19,9999,21.1,4,9999,4.4,0,9999,0.0,1,9999,3.1,7,9999,21.9,13,9999,40.6,5,9999,15.6,4,9999,12.5,2,9999,6.3,74,63.8,59,50.9,13,11.2,6,5.2,8,6.9,9,7.8,7,6.0,19,16.4,4,3.4,13,11.7,18,15.5,
Nebraska,2020,160,8.6,83,4.4,54,2.9,20,1.1,31,1.6,65,3.5,12,9999,50,2.7,51.9,33.8,12.5,19.4,40.6,7.5,31.3,Illicitly Manufactured Fentanyls with no other opioids or stimulants,24,15.0,Methamphetamine with no other stimulants or opioids,20,12.5,Prescription Opioids with no other opioids or stimulants,15,9.4,Methamphetamine and other opioids or stimulants,11,6.9,Illicitly Manufactured Fentanyls and Heroin,8,5.0,27,16.9,56,35.0,38,23.8,39,24.4,11,11,16,19,15,13,9,17,18,12,4,15,104,11.1,65.0,56,6.0,35.0,2,9999,1.3,0,9999,0.0,18,9999,11.6,124,8.5,80.0,1,9999,0.6,0,9999,0.0,10,9999,6.5,2,9999,1.3,21,7.8,13.1,38,14.9,23.8,36,14.6,22.5,22,10.3,13.8,36,15.0,22.5,5,9999,3.1,1,9999,1.0,17,9999,16.3,28,21.4,26.9,23,18.3,22.1,13,9999,12.5,22,18.5,21.2,0,9999,0.0,1,9999,1.8,4,9999,7.1,10,9999,17.9,13,9999,23.2,9,9999,16.1,14,9999,25.0,5,9999,8.9,69,53.1,39,30.0,34,26.2,6,4.6,23,17.7,3,2.3,2,1.6,22,16.9,15,11.5,15,11.8,13,10.0,
Nevada,2020,917,29.5,577,18.7,278,9.3,176,5.5,192,6.2,575,18.4,112,3.6,465,14.8,62.9,30.3,19.2,20.9,62.7,12.2,50.7,Methamphetamine with no other stimulants or opioids,252,27.5,Illicitly Manufactured Fentanyls with no other opioids or stimulants,117,12.8,Heroin and Methamphetamine,95,10.4,Prescription Opioids with no other opioids or stimulants,88,9.6,Illicitly Manufactured Fentanyls and Prescription Opioids,45,4.9,272,29.7,305,33.3,303,33.0,37,4.0,56,52,58,84,95,66,95,114,61,83,73,80,640,40.8,69.8,277,18.0,30.2,16,9999,1.8,10,9999,1.1,127,45.0,14.2,554,37.2,62.1,16,9999,1.8,4,9999,0.4,165,17.9,18.5,2,9999,0.2,114,30.8,12.4,179,38.7,19.5,175,41.6,19.1,190,48.0,20.7,179,46.0,19.5,78,15.0,8.5,1,9999,0.2,87,45.9,13.6,138,58.4,21.6,119,55.8,18.6,125,62.5,19.5,110,57.1,17.2,60,24.6,9.4,1,9999,0.4,27,15.0,9.7,41,18.2,14.8,56,27.0,20.2,65,33.1,23.5,69,35.1,24.9,18,9999,6.5,695,75.8,508,55.4,260,28.4,21,2.3,91,9.9,109,11.9,108,11.8,160,17.4,125,13.7,208,22.8,51,5.6,
New Hampshire,2020,372,28.3,347,26.6,317,24.4,8,9999,50,3.7,114,8.9,59,4.5,56,4.4,93.3,85.2,2.2,13.4,30.6,15.9,15.1,Illicitly Manufactured Fentanyls with no other opioids or stimulants,210,56.5,Illicitly Manufactured Fentanyls and Methamphetamine,37,9.9,Illicitly Manufactured Fentanyls and Cocaine,36,9.7,Prescription Opioids with no other opioids or stimulants,24,6.5,Illicitly Manufactured Fentanyls and Prescription Opioids,13,3.5,94,25.3,253,68.0,20,5.4,5,1.3,32,31,35,36,41,23,38,20,34,23,28,31,263,39.9,70.7,109,16.7,29.3,1,9999,0.3,0,9999,0.0,9,9999,2.4,354,30.6,95.2,0,9999,0.0,0,9999,0.0,8,9999,2.2,1,9999,0.3,21,12.3,5.6,96,54.7,25.8,107,67.1,28.8,85,47.8,22.8,51,23.7,13.7,11,9999,3.0,0,9999,0.0,14,9999,5.3,64,70.3,24.3,81,101.2,30.8,60,68.3,22.8,37,35.1,14.1,7,9999,2.7,1,9999,0.9,7,9999,6.4,32,37.9,29.4,26,32.8,23.9,25,27.8,22.9,14,9999,12.8,4,9999,3.7,298,80.3,227,61.2,126,34.0,29,7.8,61,16.4,29,7.8,62,16.8,46,12.4,55,14.8,104,28.1,71,19.1,
New Jersey,2020,2894,32.8,2609,29.7,2382,27.2,778,8.9,499,5.6,1206,13.8,997,11.3,186,2.2,90.2,82.3,26.9,17.2,41.7,34.5,6.4,Illicitly Manufactured Fentanyls with no other opioids or stimulants,804,27.8,Illicitly Manufactured Fentanyls and Cocaine,472,16.3,Illicitly Manufactured Fentanyls and Heroin,384,13.3,"Illicitly Manufactured Fentanyls, Heroin, and Cocaine",209,7.2,Illicitly Manufactured Fentanyls and Prescription Opioids,148,5.1,1038,35.9,1571,54.3,168,5.8,117,4.0,255,243,242,238,300,255,231,247,222,203,241,217,2158,49.6,74.6,736,16.3,25.4,31,3.3,1.1,3,9999,0.1,640,54.6,22.5,1704,37.7,59.9,11,9999,0.4,1,9999,0.0,454,24.6,16.0,2,9999,0.1,145,13.4,5.0,684,59.2,23.6,674,59.1,23.3,680,57.9,23.5,539,44.1,18.6,169,11.2,5.8,1,9999,0.0,111,20.1,5.1,523,89.0,24.2,511,90.0,23.7,510,88.8,23.6,393,66.6,18.2,108,16.5,5.0,1,9999,0.1,34,6.4,4.6,161,28.4,21.9,163,28.4,22.1,170,28.3,23.1,146,23.1,19.8,61,7.1,8.3,1049,37.4,570,20.3,322,11.5,67,2.4,159,5.7,140,5.0,152,5.4,46,1.6,189,6.7,183,6.5,91,3.2,
New Mexico,2020,629,31.2,466,23.1,265,13.2,197,9.8,258,12.8,384,19.0,108,5.2,288,14.3,74.1,42.1,31.3,41.0,61.0,17.2,45.8,Methamphetamine and other opioids or stimulants,101,16.1,Illicitly Manufactured Fentanyls with no other opioids or stimulants,76,12.1,Prescription Opioids with no other opioids or stimulants,50,7.9,"Heroin, Prescription Opioids, and Methamphetamine",44,7.0,Heroin and Prescription Opioids,39,6.2,240,38.2,226,35.9,144,22.9,19,3.0,51,45,44,53,64,72,64,72,61,43,36,24,436,43.0,69.3,193,19.5,30.7,1,9999,0.2,40,20.8,6.4,29,69.5,4.6,205,28.6,32.8,0,9999,0.0,1,9999,0.2,349,35.0,55.8,0,9999,0.0,39,13.9,6.2,170,59.6,27.0,176,67.7,28.0,107,45.9,17.0,102,37.8,16.2,35,9.0,5.6,0,9999,0.0,27,18.7,6.2,117,79.2,26.8,123,93.5,28.2,67,58.5,15.4,76,59.0,17.4,26,14.6,6.0,0,9999,0.0,12,9999,6.2,53,38.6,27.5,53,41.3,27.5,40,33.8,20.7,26,18.4,13.5,9,9999,4.7,469,74.6,371,59.0,139,22.1,45,7.2,41,6.5,110,17.5,81,12.9,57,9.1,46,7.3,86,13.7,59,9.4,
North Carolina,2020,2957,28.7,2554,24.9,2161,21.1,566,5.5,487,4.7,1461,14.3,996,9.7,545,5.3,86.4,73.1,19.1,16.5,49.4,33.7,18.4,Illicitly Manufactured Fentanyls with no other opioids or stimulants,761,25.7,Illicitly Manufactured Fentanyls and Cocaine,472,16.0,Illicitly Manufactured Fentanyls and Methamphetamine,214,7.2,Illicitly Manufactured Fentanyls and Heroin,206,7.0,Prescription Opioids with no other opioids or stimulants,179,6.1,1178,39.8,1376,46.5,283,9.6,120,4.1,193,215,228,270,347,260,273,267,222,227,239,216,2055,40.7,69.5,902,17.2,30.5,10,9999,0.3,92,78.0,3.1,573,25.3,19.4,2149,34.1,72.9,14,9999,0.5,1,9999,0.0,108,10.0,3.7,5,9999,0.2,267,19.1,9.0,851,59.2,28.8,802,60.9,27.1,580,42.7,19.6,362,26.3,12.2,90,5.0,3.0,2,9999,0.1,185,25.8,9.0,617,86.1,30.0,546,85.2,26.6,390,59.1,19.0,252,38.6,12.3,63,7.9,3.1,3,9999,0.3,82,12.1,9.1,234,32.5,25.9,256,37.9,28.4,190,27.3,21.1,110,15.2,12.2,27,2.6,3.0,2055,71.5,1518,52.8,710,24.7,86,3.0,359,12.5,323,11.2,143,5.0,136,4.7,111,3.9,818,28.6,82,2.9,
Ohio,2020,5152,46.1,4532,40.7,4199,37.7,424,3.8,601,5.3,2325,20.8,1349,12.0,1059,9.6,88.0,81.5,8.2,11.7,45.1,26.2,20.6,Illicitly Manufactured Fentanyls with no other opioids or stimulants,2005,38.9,Illicitly Manufactured Fentanyls and Cocaine,772,15.0,Illicitly Manufactured Fentanyls and Methamphetamine,594,11.5,Cocaine with no other stimulants or opioids,210,4.1,Illicitly Manufactured Fentanyls and Prescription Opioids,198,3.8,1905,37.0,2627,51.0,420,8.2,200,3.9,346,351,366,411,578,521,484,391,423,434,402,445,3525,63.5,68.4,1627,29.1,31.6,15,9999,0.3,5,9999,0.1,863,60.6,16.8,4057,46.9,79.0,26,11.1,0.5,1,9999,0.0,167,39.3,3.3,10,9999,0.2,328,22.0,6.4,1355,86.8,26.3,1414,100.2,27.4,1084,76.3,21.0,770,48.5,14.9,191,9.1,3.7,7,9999,0.2,219,28.8,6.2,927,117.4,26.3,974,139.0,27.6,725,103.3,20.6,529,68.9,15.0,144,15.5,4.1,3,9999,0.2,109,14.9,6.7,428,55.4,26.3,440,62.0,27.0,359,50.0,22.1,241,29.4,14.8,47,4.0,2.9,2494,48.9,1157,22.7,989,19.4,291,5.7,658,12.9,256,5.0,389,7.6,245,4.8,267,5.2,867,17.0,378,7.4,
Oklahoma,2020,787,20.8,298,7.8,131,3.4,91,2.4,104,2.7,556,14.8,69,1.8,493,13.2,37.9,16.6,11.6,13.2,70.6,8.8,62.6,Methamphetamine with no other stimulants or opioids,383,48.7,Prescription Opioids with no other opioids or stimulants,63,8.0,Illicitly Manufactured Fentanyls with no other opioids or stimulants,59,7.5,Heroin and Methamphetamine,39,5.0,Cocaine with no other stimulants or opioids,36,4.6,118,15.0,180,22.9,438,55.7,51,6.5,42,49,69,77,76,60,73,73,51,85,61,71,513,27.3,65.2,274,14.4,34.8,2,9999,0.3,70,22.3,8.9,85,30.3,10.8,547,21.4,69.6,40,25.6,5.1,2,9999,0.3,40,10.7,5.1,2,9999,0.3,44,8.1,5.6,143,26.2,18.2,163,32.2,20.7,188,41.7,23.9,187,38.2,23.8,60,9.2,7.6,2,9999,0.4,25,8.9,4.9,91,32.8,17.7,107,42.1,20.9,122,54.3,23.8,124,52.4,24.2,42,14.4,8.2,0,9999,0.0,19,9999,6.9,52,19.4,19.0,56,22.2,20.4,66,29.1,24.1,63,24.9,23.0,18,9999,6.6,453,57.6,307,39.1,156,19.8,12,1.5,26,3.3,70,8.9,68,8.7,71,9.0,24,3.1,34,4.4,13,1.7,
Oregon,2020,701,16.7,472,11.2,226,5.5,215,5.0,96,2.3,397,9.5,65,1.6,339,8.1,67.3,32.2,30.7,13.7,56.6,9.3,48.4,Methamphetamine with no other stimulants or opioids,158,22.5,Illicitly Manufactured Fentanyls with no other opioids or stimulants,129,18.4,Heroin and Methamphetamine,92,13.1,Heroin with no other opioids or stimulants,66,9.4,Prescription Opioids with no other opioids or stimulants,37,5.3,201,28.7,271,38.7,196,28.0,33,4.7,48,40,54,60,88,53,57,65,56,52,70,58,486,23.0,69.3,215,10.3,30.7,5,9999,0.7,16,9999,2.3,34,43.6,4.9,553,17.7,79.6,17,9999,2.4,2,9999,0.3,68,11.1,9.8,1,9999,0.1,73,14.4,10.4,156,25.6,22.3,154,26.6,22.0,153,29.9,21.8,108,20.3,15.4,56,7.1,8.0,1,9999,0.2,57,22.0,11.7,117,37.7,24.1,99,33.9,20.4,95,36.9,19.5,76,29.6,15.6,41,11.3,8.4,0,9999,0.0,16,9999,7.4,39,13.1,18.1,55,19.2,25.6,58,22.8,27.0,32,11.6,14.9,15,9999,7.0,514,75.5,380,55.8,225,33.0,18,2.6,62,9.1,72,10.6,62,9.1,51,7.5,104,15.3,72,10.6,67,9.8,
Overall,2020,44606,30.8,36971,25.6,31167,21.6,7940,5.5,8303,5.7,21305,14.8,11447,7.9,10026,7.0,82.9,69.9,17.8,18.6,47.8,25.7,22.5,Illicitly Manufactured Fentanyls with no other opioids or stimulants,12186,27.3,Illicitly Manufactured Fentanyls and Cocaine,5729,12.8,Illicitly Manufactured Fentanyls and Methamphetamine,3172,7.1,Illicitly Manufactured Fentanyls and Heroin,2611,5.9,Prescription Opioids with no other opioids or stimulants,2561,5.7,15735,35.3,21236,47.6,5570,12.5,2065,4.6,3123,3102,3454,3841,4703,4003,4196,3951,3586,3567,3510,3570,31324,43.6,70.2,13282,18.3,29.8,239,3.4,0.5,639,39.3,1.4,7909,40.8,17.9,30949,32.6,70.0,343,13.7,0.8,32,16.9,0.1,4095,23.7,9.3,80,0.3,0.2,3219,16.7,7.2,10947,53.9,24.5,11520,61.6,25.8,9320,51.2,20.9,7512,38.5,16.8,2006,7.9,4.5,50,0.4,0.2,2323,23.6,7.4,7826,75.8,25.0,8065,86.7,25.7,6414,71.5,20.5,5214,55.4,16.6,1431,12.6,4.6,30,0.2,0.2,896,9.5,6.7,3121,31.3,23.5,3455,36.8,26.0,2906,31.5,21.9,2298,22.8,17.3,575,4.1,4.3,27993,65.7,20078,47.1,10163,23.9,2453,5.8,4695,11.0,3702,8.7,3725,8.8,3467,8.1,3089,7.3,8418,19.9,3371,7.9,
Pennsylvania,2020,5071,41.2,4320,35.2,3928,32.1,1034,8.5,965,7.8,2342,19.1,1560,12.6,851,7.0,85.2,77.5,20.4,19.0,46.2,30.8,16.8,Illicitly Manufactured Fentanyls with no other opioids or stimulants,1333,26.3,Illicitly Manufactured Fentanyls and Cocaine,735,14.5,Illicitly Manufactured Fentanyls and Heroin,396,7.8,Illicitly Manufactured Fentanyls and Methamphetamine,336,6.6,Illicitly Manufactured Fentanyls and Prescription Opioids,237,4.7,1907,37.6,2413,47.6,435,8.6,316,6.2,379,355,407,459,477,442,482,440,426,385,407,412,3556,57.9,70.1,1515,24.6,29.9,29,5.6,0.6,6,9999,0.1,955,71.0,19.0,3584,39.5,71.3,30,17.7,0.6,0,9999,0.0,426,45.9,8.5,7,9999,0.1,283,17.9,5.6,1274,74.6,25.1,1383,90.2,27.3,1065,68.2,21.0,847,47.3,16.7,212,8.7,4.2,5,9999,0.1,197,24.5,5.5,906,104.0,25.5,969,126.3,27.2,730,94.5,20.5,592,68.2,16.6,157,14.6,4.4,2,9999,0.1,86,11.0,5.7,368,44.0,24.3,414,54.0,27.3,335,42.4,22.1,255,27.6,16.8,55,4.0,3.6,2600,63.4,1940,47.3,799,19.5,209,5.1,291,7.1,227,5.5,444,10.9,162,4.0,187,4.6,588,14.4,337,8.2,
Rhode Island,2020,389,37.4,324,31.2,282,27.1,18,9999,105,10.0,214,20.8,190,18.4,19,9999,83.3,72.5,4.6,27.0,55.0,48.8,4.9,Illicitly Manufactured Fentanyls and Cocaine,111,28.5,Illicitly Manufactured Fentanyls with no other opioids or stimulants,88,22.6,Cocaine with no other stimulants or opioids,41,10.5,Illicitly Manufactured Fentanyls and Prescription Opioids,32,8.2,Prescription Opioids with no other opioids or stimulants,30,7.7,167,42.9,157,40.4,47,12.1,18,4.6,32,33,31,35,38,28,39,38,34,28,23,30,290,56.6,74.6,99,19.0,25.4,1,9999,0.3,1,9999,0.3,35,55.0,9.1,296,40.7,76.9,0,9999,0.0,0,9999,0.0,52,32.6,13.5,0,9999,0.0,22,15.3,5.7,84,56.5,21.6,97,76.5,24.9,94,71.9,24.2,73,48.9,18.8,19,9999,4.9,0,9999,0.0,16,9999,5.5,61,80.2,21.0,69,108.7,23.8,71,112.2,24.5,59,83.0,20.3,14,9999,4.8,0,9999,0.0,6,9999,6.1,23,31.7,23.2,28,44.3,28.3,23,34.1,23.2,14,9999,14.1,5,9999,5.1,341,87.7,226,58.1,211,54.2,61,15.7,45,11.6,29,7.5,16,4.1,69,17.8,38,9.8,114,29.4,38,9.8,
South Dakota,2020,63,7.8,35,4.3,19,9999,4,9999,13,9999,30,3.8,4,9999,25,3.1,55.6,30.2,6.3,20.6,47.6,6.3,39.7,Methamphetamine with no other stimulants or opioids,19,30.2,Illicitly Manufactured Fentanyls with no other opioids or stimulants,13,20.6,Prescription Opioids with no other opioids or stimulants,12,19.0,Illicitly Manufactured Fentanyls and Methamphetamine,3,4.8,Cocaine with no other stimulants or opioids,2,3.2,7,11.1,28,44.4,23,36.5,5,7.9,3,6,9,5,6,10,3,4,5,1,4,7,40,9.7,63.5,23,5.8,36.5,0,9999,0.0,17,9999,27.0,5,9999,7.9,37,5.6,58.7,0,9999,0.0,0,9999,0.0,4,9999,6.3,0,9999,0.0,11,9999,17.5,12,9999,19.0,21,19.4,33.3,11,9999,17.5,8,9999,12.7,0,9999,0.0,0,9999,0.0,9,9999,22.5,8,9999,20.0,11,9999,27.5,8,9999,20.0,4,9999,10.0,0,9999,0.0,0,9999,0.0,2,9999,8.7,4,9999,17.4,10,9999,43.5,3,9999,13.0,4,9999,17.4,0,9999,0.0,34,54.0,23,36.5,12,19.0,1,1.6,4,6.3,5,7.9,3,4.8,2,3.2,1,1.6,9,14.3,0,0.0,
Utah,2020,535,17.7,390,12.7,112,3.5,158,5.0,177,6.1,278,9.3,46,1.5,215,7.2,72.9,20.9,29.5,33.1,52.0,8.6,40.2,Prescription Opioids with no other opioids or stimulants,96,17.9,Methamphetamine with no other stimulants or opioids,87,16.3,Heroin and Methamphetamine,66,12.3,Heroin with no other opioids or stimulants,46,8.6,Illicitly Manufactured Fentanyls with no other opioids or stimulants,39,7.3,171,32.0,219,40.9,107,20.0,38,7.1,42,33,31,48,40,42,69,59,37,49,42,43,331,21.4,61.9,204,14.0,38.1,2,9999,0.4,10,9999,1.9,11,9999,2.1,432,18.1,83.6,8,9999,1.5,5,9999,1.0,49,11.6,9.5,1,9999,0.2,38,7.2,7.1,118,24.6,22.1,167,37.1,31.2,97,28.8,18.1,86,28.3,16.1,28,7.3,5.2,1,9999,0.3,27,10.0,8.2,82,33.4,24.8,103,45.0,31.1,53,31.0,16.0,48,32.1,14.5,17,9999,5.1,0,9999,0.0,11,9999,5.4,36,15.4,17.6,64,28.9,31.4,44,26.5,21.6,38,24.6,18.6,11,9999,5.4,434,81.1,333,62.2,235,43.9,29,5.4,48,9.0,46,8.6,48,9.0,115,21.5,51,9.7,146,27.5,24,4.5,
Vermont,2020,178,30.7,155,27.0,138,24.2,44,7.8,37,6.5,82,14.2,70,12.0,13,9999,87.1,77.5,24.7,20.8,46.1,39.3,7.3,Illicitly Manufactured Fentanyls with no other opioids or stimulants,37,20.8,Illicitly Manufactured Fentanyls and Cocaine,29,16.3,Illicitly Manufactured Fentanyls and Heroin,26,14.6,Cocaine with no other stimulants or opioids,12,6.7,"Illicitly Manufactured Fentanyls, Heroin, and Cocaine",9,5.1,68,38.2,87,48.9,14,7.9,9,5.1,12,8,9,18,19,11,15,18,12,16,19,21,125,43.3,70.2,53,18.2,29.8,0,9999,0.0,0,9999,0.0,5,9999,2.8,169,31.8,94.9,2,9999,1.1,0,9999,0.0,2,9999,1.1,0,9999,0.0,8,9999,4.5,49,65.1,27.5,41,56.7,23.0,49,64.6,27.5,27,28.8,15.2,4,9999,2.2,0,9999,0.0,6,9999,4.8,35,90.9,28.0,28,78.4,22.4,35,93.4,28.0,17,9999,13.6,4,9999,3.2,0,9999,0.0,2,9999,3.8,14,9999,26.4,13,9999,24.5,14,9999,26.4,10,9999,18.9,0,9999,0.0,145,81.5,85,47.8,87,48.9,25,14.0,30,16.9,12,6.7,18,10.1,36,20.2,28,15.7,72,40.4,41,23.0,
Virginia,2020,2121,25.0,1860,22.0,1628,19.2,560,6.6,479,5.6,992,11.7,619,7.3,385,4.5,87.7,76.8,26.4,22.6,46.8,29.2,18.2,Illicitly Manufactured Fentanyls with no other opioids or stimulants,544,25.6,Illicitly Manufactured Fentanyls and Cocaine,276,13.0,Illicitly Manufactured Fentanyls and Heroin,206,9.7,Illicitly Manufactured Fentanyls and Methamphetamine,131,6.2,Prescription Opioids with no other opioids or stimulants,124,5.8,785,37.0,1075,50.7,207,9.8,54,2.5,147,128,141,197,237,167,201,189,183,181,170,180,1479,35.1,69.7,642,15.0,30.3,12,9999,0.6,1,9999,0.0,554,33.4,26.3,1437,28.6,68.3,17,9999,0.8,1,9999,0.0,82,8.8,3.9,3,9999,0.1,168,15.0,7.9,546,45.7,25.7,584,51.8,27.5,449,41.4,21.2,310,27.8,14.6,61,4.4,2.9,1,9999,0.1,120,20.9,8.1,381,62.7,25.8,418,74.5,28.3,314,58.9,21.2,198,36.8,13.4,47,7.6,3.2,2,9999,0.3,48,8.8,7.5,165,28.0,25.7,166,29.3,25.9,135,24.5,21.0,112,19.3,17.4,14,9999,2.2,1673,78.9,1211,57.1,708,33.4,185,8.7,389,18.3,262,12.4,248,11.7,306,14.4,56,2.6,573,27.1,250,11.8,
West Virginia,2020,1298,77.9,1138,68.6,996,60.3,253,15.4,364,21.6,724,43.6,122,7.2,604,36.4,87.7,76.7,19.5,28.0,55.8,9.4,46.5,Illicitly Manufactured Fentanyls with no other opioids or stimulants,284,21.9,Illicitly Manufactured Fentanyls and Methamphetamine,263,20.3,Methamphetamine and other opioids or stimulants,101,7.8,Illicitly Manufactured Fentanyls and Prescription Opioids,77,5.9,Illicitly Manufactured Fentanyls and Heroin,74,5.7,581,44.8,557,42.9,143,11.0,17,1.3,85,65,79,110,170,129,104,100,122,93,121,120,928,110.3,71.5,370,45.3,28.5,3,9999,0.2,1,9999,0.1,74,114.3,5.9,1170,76.6,92.6,4,9999,0.3,0,9999,0.0,11,9999,0.9,3,9999,0.2,46,21.3,3.5,321,149.5,24.7,393,185.8,30.3,306,135.9,23.6,190,75.9,14.6,39,10.4,3.0,2,9999,0.2,24,21.5,2.6,225,202.9,24.2,285,267.9,30.7,219,193.8,23.6,141,116.0,15.2,32,18.8,3.4,1,9999,0.3,22,21.1,5.9,96,92.4,25.9,108,102.7,29.2,87,77.5,23.5,49,38.1,13.2,7,9999,1.9,1037,80.0,789,60.9,281,21.7,114,8.8,329,25.4,114,8.8,66,5.1,67,5.2,89,6.9,480,37.1,123,9.5,
Alaska,2021,274,37.9,214,29.3,154,21.2,103,13.9,70,9.6,195,27.1,20,2.7,180,25.1,78.1,56.2,37.6,25.5,71.2,7.3,65.7,"Illicitly Manufactured Fentanyls, Heroin, and Methamphetamine",40,14.6,Illicitly Manufactured Fentanyls and Methamphetamine,33,12.0,Methamphetamine and other opioids or stimulants,25,9.1,Illicitly Manufactured Fentanyls with no other opioids or stimulants,24,8.8,Methamphetamine with no other stimulants or opioids,24,8.8,142,51.8,72,26.3,53,19.3,7,2.6,14,14,29,18,35,22,22,23,18,29,30,20,170,44.8,62.0,104,30.0,38.0,3,9999,1.1,81,78.5,29.7,6,9999,2.2,150,33.7,54.9,27,64.4,9.9,0,9999,0.0,6,9999,2.2,0,9999,0.0,25,26.1,9.1,74,65.2,27.0,67,65.9,24.5,58,69.7,21.2,35,38.7,12.8,15,9999,5.5,0,9999,0.0,20,37.9,11.8,41,68.0,24.1,40,74.6,23.5,38,86.4,22.4,21,44.5,12.4,10,9999,5.9,0,9999,0.0,5,9999,4.8,33,62.0,31.7,27,56.2,26.0,20,51.1,19.2,14,9999,13.5,5,9999,4.8,218,79.9,159,58.2,105,38.5,8,2.9,25,9.2,42,15.4,35,12.8,53,19.4,36,13.3,40,14.7,4,1.5,
Arizona,2021,2688,38.3,1993,28.4,1782,25.5,138,2.0,259,3.6,1533,22.0,241,3.5,1307,18.8,74.1,66.3,5.1,9.6,57.0,9.0,48.6,Illicitly Manufactured Fentanyls with no other opioids or stimulants,850,31.6,Illicitly Manufactured Fentanyls and Methamphetamine,589,21.9,Methamphetamine with no other stimulants or opioids,507,18.9,Illicitly Manufactured Fentanyls and Cocaine,135,5.0,Prescription Opioids with no other opioids or stimulants,91,3.4,933,34.7,1060,39.4,600,22.3,95,3.5,206,179,219,212,252,244,277,273,223,208,182,213,1973,55.5,73.4,715,20.7,26.6,25,8.9,0.9,164,58.6,6.2,210,61.2,7.9,1460,40.2,54.8,8,9999,0.3,2,9999,0.1,794,34.2,29.8,14,9999,0.5,286,29.3,10.7,725,72.4,27.0,622,68.0,23.2,480,56.6,17.9,432,49.1,16.1,126,9.5,4.7,8,9999,0.4,209,41.8,10.6,560,108.2,28.4,463,98.8,23.5,341,80.3,17.3,292,68.3,14.8,97,15.7,4.9,6,9999,0.8,77,16.2,10.8,165,34.1,23.1,159,35.6,22.2,139,32.9,19.4,140,30.9,19.6,29,4.1,4.1,2124,80.7,1712,65.0,892,33.9,144,5.5,286,10.9,251,9.5,318,12.1,335,12.7,480,18.2,703,26.7,84,3.2,
Arkansas,2021,554,19.2,389,13.5,309,10.8,22,0.8,119,4.1,312,10.9,73,2.5,243,8.5,70.2,55.8,4.0,21.5,56.3,13.2,43.9,Illicitly Manufactured Fentanyls with no other opioids or stimulants,109,19.7,Illicitly Manufactured Fentanyls and Methamphetamine,83,15.0,Methamphetamine with no other stimulants or opioids,65,11.7,Prescription Opioids with no other opioids or stimulants,41,7.4,Methamphetamine and other opioids or stimulants,34,6.1,190,34.3,199,35.9,122,22.0,43,7.8,43,43,50,48,60,45,34,51,46,41,45,48,359,25.0,64.8,195,13.4,35.2,2,9999,0.4,2,9999,0.4,87,19.3,16.4,432,21.1,81.5,0,9999,0.0,0,9999,0.0,7,9999,1.3,2,9999,0.4,31,7.7,5.6,171,43.4,30.9,144,38.0,26.0,103,28.7,18.6,77,20.0,13.9,26,4.9,4.7,1,9999,0.3,20,9.8,5.6,116,58.8,32.3,99,52.2,27.6,63,35.3,17.5,44,23.4,12.3,16,9999,4.5,1,9999,0.5,11,9999,5.6,55,28.0,28.2,45,23.7,23.1,40,22.2,20.5,33,16.8,16.9,10,9999,5.1,294,56.3,230,44.1,77,14.8,6,1.1,31,5.9,33,6.3,29,5.6,27,5.2,26,5.1,86,17.1,9,1.7,
Colorado,2021,1711,28.7,1290,21.5,967,16.1,233,3.8,376,6.3,1020,17.1,340,5.7,729,12.3,75.4,56.5,13.6,22.0,59.6,19.9,42.6,Illicitly Manufactured Fentanyls with no other opioids or stimulants,398,23.3,Methamphetamine and other opioids or stimulants,223,13.0,Illicitly Manufactured Fentanyls and Methamphetamine,206,12.0,Illicitly Manufactured Fentanyls and Cocaine,138,8.1,Prescription Opioids with no other opioids or stimulants,99,5.8,668,39.0,622,36.4,352,20.6,69,4.0,141,112,151,139,158,157,147,159,160,129,129,129,1209,39.3,70.7,502,17.5,29.3,3,9999,0.2,37,95.8,2.2,118,48.5,7.0,1074,26.6,63.3,10,9999,0.6,2,9999,0.1,453,36.3,26.7,7,9999,0.4,183,24.3,10.7,452,49.7,26.4,431,51.3,25.2,305,42.9,17.8,243,34.6,14.2,90,10.2,5.3,4,9999,0.3,131,33.6,10.8,363,76.5,30.0,287,65.7,23.7,207,56.6,17.1,157,45.2,13.0,60,14.7,5.0,3,9999,0.6,52,14.4,10.4,89,20.5,17.7,144,35.7,28.7,98,28.5,19.5,86,24.2,17.1,30,6.4,6.0,1081,68.1,810,51.0,401,25.3,60,3.8,205,12.9,140,8.8,140,9.0,136,8.6,218,13.7,256,16.7,126,7.9,
Connecticut,2021,1530,42.7,1418,39.7,1314,36.9,160,4.3,298,8.2,669,18.8,608,17.0,32,0.9,92.7,85.9,10.5,19.5,43.7,39.7,2.1,Illicitly Manufactured Fentanyls with no other opioids or stimulants,535,35.0,Illicitly Manufactured Fentanyls and Cocaine,390,25.5,Illicitly Manufactured Fentanyls and Prescription Opioids,124,8.1,Illicitly Manufactured Fentanyls and Heroin,79,5.2,Cocaine with no other stimulants or opioids,69,4.5,592,38.7,826,54.0,77,5.0,35,2.3,129,114,122,120,138,125,145,146,137,110,124,120,1116,62.9,72.9,414,23.0,27.1,12,9999,0.8,2,9999,0.1,273,69.9,17.9,964,42.3,63.3,2,9999,0.1,0,9999,0.0,270,44.7,17.7,1,9999,0.1,61,12.7,4.0,260,57.4,17.0,384,85.0,25.1,377,81.9,24.6,371,71.2,24.2,76,11.7,5.0,0,9999,0.0,37,15.1,3.3,185,80.2,16.6,294,130.9,26.3,267,118.5,23.9,274,107.8,24.6,59,20.4,5.3,1,9999,0.2,24,10.2,5.8,75,33.7,18.1,90,39.6,21.7,110,46.9,26.6,97,36.4,23.4,17,9999,4.1,1158,75.7,835,54.6,523,34.2,155,10.1,181,11.8,166,10.8,133,8.7,96,6.3,82,5.4,473,31.0,48,3.1,
Delaware,2021,510,53.3,465,48.9,427,44.9,89,9.4,70,7.2,267,27.9,224,23.4,52,5.5,91.2,83.7,17.5,13.7,52.4,43.9,10.2,Illicitly Manufactured Fentanyls with no other opioids or stimulants,140,27.5,Illicitly Manufactured Fentanyls and Cocaine,134,26.3,Illicitly Manufactured Fentanyls and Heroin,38,7.5,Cocaine with no other stimulants or opioids,27,5.3,"Illicitly Manufactured Fentanyls, Heroin, and Cocaine",26,5.1,232,45.5,233,45.7,35,6.9,10,2.0,42,39,50,41,48,46,32,41,31,46,40,54,347,74.4,68.0,163,33.5,32.0,1,9999,0.2,0,9999,0.0,121,54.7,23.7,349,62.4,68.4,0,9999,0.0,0,9999,0.0,39,45.3,7.6,0,9999,0.0,12,9999,2.4,99,77.1,19.4,147,121.6,28.8,123,105.3,24.1,104,72.5,20.4,25,12.4,4.9,0,9999,0.0,7,9999,2.0,66,103.2,19.0,93,156.0,26.8,88,155.8,25.4,74,109.0,21.3,19,9999,5.5,0,9999,0.0,5,9999,3.1,33,51.2,20.2,54,88.1,33.1,35,58.0,21.5,30,39.7,18.4,6,9999,3.7,438,87.8,349,69.9,144,28.9,82,16.4,94,18.8,59,11.8,117,23.4,25,5.0,88,17.6,51,10.3,73,14.6,
District of Columbia,2021,541,86.9,424,67.6,398,63.2,79,12.5,60,9.7,304,49.6,282,46.7,11,9999,78.4,73.6,14.6,11.1,56.2,52.1,2.0,Illicitly Manufactured Fentanyls and Cocaine,149,27.5,Illicitly Manufactured Fentanyls with no other opioids or stimulants,130,24.0,Cocaine with no other stimulants or opioids,84,15.5,Illicitly Manufactured Fentanyls and Heroin,42,7.8,"Illicitly Manufactured Fentanyls, Heroin, and Cocaine",19,3.5,212,39.2,212,39.2,92,17.0,25,4.6,49,38,42,36,56,48,53,43,46,32,45,53,391,132.7,72.3,150,46.5,27.7,4,9999,0.7,0,9999,0.0,467,157.2,86.6,54,20.3,10.0,0,9999,0.0,0,9999,0.0,14,9999,2.6,3,9999,0.6,15,9999,2.8,61,41.9,11.3,76,68.9,14.0,99,139.7,18.3,181,274.2,33.5,106,123.5,19.6,1,9999,0.3,10,9999,2.6,43,63.1,11.0,56,103.3,14.3,72,201.9,18.4,127,395.0,32.5,82,230.5,21.0,2,9999,1.3,5,9999,3.3,18,9999,12.0,20,35.7,13.3,27,76.7,18.0,54,159.4,36.0,24,47.7,16.0,426,78.7,262,48.4,180,33.3,61,11.3,167,30.9,47,8.7,68,12.7,142,26.2,83,15.6,139,26.6,34,6.3,
Georgia,2021,2376,22.1,1702,15.8,1355,12.6,395,3.7,372,3.5,1429,13.4,535,5.0,957,9.0,71.6,57.0,16.6,15.7,60.1,22.5,40.3,Illicitly Manufactured Fentanyls with no other opioids or stimulants,424,17.8,Illicitly Manufactured Fentanyls and Methamphetamine,287,12.1,Methamphetamine with no other stimulants or opioids,188,7.9,Illicitly Manufactured Fentanyls and Cocaine,173,7.3,Cocaine with no other stimulants or opioids,170,7.2,877,36.9,825,34.7,552,23.2,122,5.1,171,189,206,224,235,180,172,182,203,205,181,228,1630,31.1,68.6,746,13.6,31.4,12,9999,0.5,4,9999,0.2,614,17.7,25.9,1624,30.2,68.5,11,9999,0.5,1,9999,0.0,105,9.1,4.4,5,9999,0.2,170,11.5,7.2,623,41.7,26.2,641,44.9,27.0,488,34.9,20.5,322,24.0,13.6,126,8.0,5.3,4,9999,0.2,110,14.6,6.7,435,58.9,26.7,447,64.4,27.4,327,47.9,20.1,218,33.6,13.4,89,12.7,5.5,1,9999,0.1,60,8.2,8.1,188,24.9,25.2,194,26.4,26.0,161,22.5,21.6,104,15.0,14.0,37,4.2,5.0,1421,68.2,1099,52.7,358,17.2,54,2.6,227,10.9,310,14.9,165,7.9,262,12.6,208,10.0,483,23.2,115,5.5,
Iowa,2021,400,13.2,238,7.9,199,6.6,52,1.7,55,1.7,210,7.0,31,1.0,176,5.9,59.5,49.8,13.0,13.8,52.5,7.8,44.0,Methamphetamine with no other stimulants or opioids,108,27.0,Illicitly Manufactured Fentanyls with no other opioids or stimulants,86,21.5,Illicitly Manufactured Fentanyls and Methamphetamine,34,8.5,Prescription Opioids with no other opioids or stimulants,26,6.5,Illicitly Manufactured Fentanyls and Heroin,20,5.0,78,19.5,160,40.0,132,33.0,30,7.5,29,30,35,39,41,33,38,33,22,26,25,49,258,16.9,64.5,142,9.4,35.5,3,9999,0.8,1,9999,0.3,49,46.9,12.3,331,13.1,83.0,1,9999,0.3,1,9999,0.3,13,9999,3.3,1,9999,0.3,40,9.0,10.0,107,26.9,26.8,78,19.3,19.5,79,21.8,19.8,69,16.7,17.3,26,4.6,6.5,1,9999,0.4,30,13.1,11.6,78,38.2,30.2,46,22.2,17.8,52,28.1,20.2,38,18.5,14.7,13,9999,5.0,0,9999,0.0,10,9999,7.0,29,15.0,20.4,32,16.3,22.5,27,15.3,19.0,31,15.0,21.8,13,9999,9.2,348,88.1,246,62.3,214,54.2,14,3.5,66,16.7,34,8.6,39,9.9,40,10.1,19,4.8,87,22.2,44,11.1,
Kansas,2021,674,24.2,430,15.3,339,12.1,49,1.7,108,3.9,382,13.8,84,3.0,316,11.5,63.8,50.3,7.3,16.0,56.7,12.5,46.9,Illicitly Manufactured Fentanyls with no other opioids or stimulants,152,22.6,Methamphetamine with no other stimulants or opioids,113,16.8,Illicitly Manufactured Fentanyls and Methamphetamine,80,11.9,Methamphetamine and other opioids or stimulants,57,8.5,Prescription Opioids with no other opioids or stimulants,54,8.0,173,25.7,257,38.1,209,31.0,35,5.2,53,48,69,62,44,58,60,74,63,52,42,49,454,32.1,67.4,220,16.1,32.6,3,9999,0.5,7,9999,1.1,73,45.4,11.3,483,23.1,74.8,20,44.9,3.1,1,9999,0.2,59,16.0,9.1,0,9999,0.0,65,15.6,9.6,157,41.5,23.3,167,44.4,24.8,128,39.0,19.0,115,31.4,17.1,42,8.6,6.2,0,9999,0.0,48,22.1,10.6,108,55.5,23.8,108,56.4,23.8,84,50.5,18.5,75,41.5,16.5,31,13.8,6.8,0,9999,0.0,17,9999,7.7,49,26.7,22.3,59,31.9,26.8,44,27.2,20.0,40,21.6,18.2,11,9999,5.0,200,33.7,124,20.9,77,13.0,7,1.2,29,4.9,21,3.5,13,2.2,8,1.3,14,2.4,51,8.6,10,1.7,
Kentucky,2021,2310,53.4,1946,45.0,1726,40.2,159,3.7,430,9.7,1279,29.7,251,5.7,1048,24.5,84.2,74.7,6.9,18.6,55.4,10.9,45.4,Illicitly Manufactured Fentanyls with no other opioids or stimulants,605,26.2,Illicitly Manufactured Fentanyls and Methamphetamine,565,24.5,Methamphetamine with no other stimulants or opioids,149,6.5,Prescription Opioids with no other opioids or stimulants,129,5.6,Illicitly Manufactured Fentanyls and Cocaine,127,5.5,1008,43.6,938,40.6,271,11.7,93,4.0,195,169,197,215,198,189,190,198,212,198,169,180,1575,72.8,68.2,735,34.1,31.8,0,9999,0.0,3,9999,0.1,237,64.0,10.3,2025,55.9,88.0,0,9999,0.0,5,9999,0.2,32,15.6,1.4,3,9999,0.1,145,24.5,6.3,515,87.4,22.3,696,123.6,30.1,508,91.1,22.0,371,62.0,16.1,72,9.3,3.1,2,9999,0.1,91,29.9,5.8,356,118.9,22.6,473,167.5,30.0,350,125.4,22.2,251,86.0,15.9,52,15.0,3.3,1,9999,0.1,54,18.7,7.3,159,54.9,21.6,223,79.4,30.3,158,56.7,21.5,120,39.1,16.3,20,4.7,2.7,1316,57.3,1022,44.5,310,13.5,82,3.6,174,7.6,136,5.9,262,11.4,118,5.1,179,7.8,217,9.5,206,9.0,
Maine,2021,605,46.0,544,41.4,483,37.0,25,1.8,149,10.8,316,24.6,156,12.0,170,13.4,89.9,79.8,4.1,24.6,52.2,25.8,28.1,Illicitly Manufactured Fentanyls with no other opioids or stimulants,184,30.4,Illicitly Manufactured Fentanyls and Methamphetamine,80,13.2,Illicitly Manufactured Fentanyls and Cocaine,75,12.4,Illicitly Manufactured Fentanyls and Prescription Opioids,42,6.9,Prescription Opioids with no other opioids or stimulants,32,5.3,269,44.5,275,45.5,47,7.8,14,2.3,53,39,56,44,46,54,44,45,53,62,59,50,436,66.7,72.1,169,25.5,27.9,1,9999,0.2,13,9999,2.2,14,9999,2.4,547,44.9,92.9,2,9999,0.3,0,9999,0.0,12,9999,2.0,0,9999,0.0,31,20.1,5.1,126,75.6,20.8,181,109.5,29.9,133,77.9,22.0,114,53.4,18.8,20,6.7,3.3,0,9999,0.0,23,28.9,5.3,96,114.8,22.0,124,150.6,28.4,97,114.7,22.2,82,78.9,18.8,14,9999,3.2,0,9999,0.0,8,9999,4.7,30,36.2,17.8,57,68.7,33.7,36,41.7,21.3,32,29.3,18.9,6,9999,3.6,528,87.3,366,60.5,248,41.0,115,19.0,200,33.1,82,13.6,81,13.4,85,14.0,119,19.7,229,37.9,86,14.2,
Maryland,2021,2740,44.1,2500,40.2,2333,37.6,199,3.2,454,7.2,1172,19.0,1031,16.6,97,1.6,91.2,85.1,7.3,16.6,42.8,37.6,3.5,Illicitly Manufactured Fentanyls with no other opioids or stimulants,1018,37.2,Illicitly Manufactured Fentanyls and Cocaine,741,27.0,Illicitly Manufactured Fentanyls and Prescription Opioids,185,6.8,Prescription Opioids with no other opioids or stimulants,116,4.2,Cocaine with no other stimulants or opioids,102,3.7,1043,38.1,1457,53.2,129,4.7,111,4.1,255,210,238,239,250,248,250,199,211,219,190,231,1978,65.4,72.2,762,23.9,27.8,17,9999,0.6,6,9999,0.2,1193,61.9,43.7,1389,47.0,50.9,14,9999,0.5,2,9999,0.1,109,15.0,4.0,2,9999,0.1,127,16.6,4.6,547,66.6,20.0,605,73.1,22.1,606,77.3,22.1,673,80.3,24.6,179,17.8,6.5,1,9999,0.1,92,23.7,4.7,406,99.4,20.5,436,107.2,22.1,436,114.5,22.1,469,116.3,23.7,137,31.2,6.9,1,9999,0.1,35,9.3,4.6,141,34.1,18.5,169,40.2,22.2,170,42.2,22.3,204,46.9,26.8,42,7.5,5.5,2100,76.6,1698,62.0,703,25.7,292,10.7,312,11.4,246,9.0,227,8.3,145,5.3,255,9.3,446,16.3,460,16.8,
Massachusetts,2021,2532,36.2,2271,32.6,2140,30.7,180,2.6,449,6.4,1437,20.7,1302,18.7,144,2.1,89.7,84.5,7.1,17.7,56.8,51.4,5.7,Illicitly Manufactured Fentanyls and Cocaine,827,32.7,Illicitly Manufactured Fentanyls with no other opioids or stimulants,734,29.0,Cocaine with no other stimulants or opioids,171,6.8,Illicitly Manufactured Fentanyls and Prescription Opioids,148,5.8,"Illicitly Manufactured Fentanyls, Prescription Opioids, and Cocaine",123,4.9,1230,48.6,1041,41.1,207,8.2,54,2.1,198,194,235,226,190,206,214,229,215,221,194,210,1856,53.9,73.3,676,19.1,26.7,11,9999,0.4,12,9999,0.5,237,45.8,9.4,1870,38.6,74.4,14,9999,0.6,0,9999,0.0,368,44.0,14.6,3,9999,0.1,118,12.6,4.7,521,52.9,20.6,706,78.7,27.9,586,67.0,23.1,483,50.0,19.1,115,9.5,4.5,3,9999,0.2,87,18.7,4.7,389,78.7,21.0,512,114.9,27.6,429,99.9,23.1,347,73.7,18.7,89,16.6,4.8,0,9999,0.0,31,6.6,4.6,132,26.9,19.5,194,42.9,28.7,157,35.2,23.2,136,27.5,20.1,26,3.8,3.8,1921,76.3,1318,52.3,1021,40.5,302,12.0,376,14.9,220,8.7,165,6.6,458,18.2,292,11.6,608,24.2,384,15.3,
Michigan,2021,2970,30.4,2504,25.6,2259,23.2,268,2.7,391,3.9,1459,15.0,1005,10.3,505,5.3,84.3,76.1,9.0,13.2,49.1,33.8,17.0,Illicitly Manufactured Fentanyls with no other opioids or stimulants,930,31.3,Illicitly Manufactured Fentanyls and Cocaine,617,20.8,Illicitly Manufactured Fentanyls and Methamphetamine,244,8.2,Cocaine with no other stimulants or opioids,188,6.3,Prescription Opioids with no other opioids or stimulants,162,5.5,1137,38.3,1367,46.0,322,10.8,144,4.8,258,210,285,283,263,251,239,260,234,224,230,233,2031,41.4,68.4,939,19.4,31.6,16,9999,0.5,16,9999,0.5,807,60.5,27.2,1947,27.3,65.6,25,16.1,0.8,0,9999,0.0,158,30.3,5.3,5,9999,0.2,139,10.5,4.7,679,51.6,22.9,798,66.0,26.9,587,47.9,19.8,562,40.3,18.9,200,11.0,6.7,3,9999,0.1,82,12.2,4.0,453,67.7,22.3,545,89.8,26.8,396,64.8,19.5,402,58.5,19.8,150,18.1,7.4,2,9999,0.2,57,8.8,6.1,226,34.9,24.1,253,42.1,26.9,191,31.1,20.3,160,22.6,17.0,50,5.0,5.3,1083,46.6,662,28.5,397,17.1,39,1.7,161,6.9,189,8.1,165,7.1,134,5.8,100,4.3,637,27.5,94,4.0,
Minnesota,2021,1237,22.4,1017,18.5,920,16.7,148,2.7,175,3.1,628,11.4,174,3.1,485,8.8,82.2,74.4,12.0,14.1,50.8,14.1,39.2,Illicitly Manufactured Fentanyls with no other opioids or stimulants,373,30.2,Illicitly Manufactured Fentanyls and Methamphetamine,220,17.8,Methamphetamine with no other stimulants or opioids,129,10.4,Illicitly Manufactured Fentanyls and Cocaine,77,6.2,Prescription Opioids with no other opioids or stimulants,58,4.7,456,36.9,561,45.4,172,13.9,48,3.9,99,89,115,99,104,79,113,126,94,101,106,112,858,30.7,69.4,379,13.9,30.6,17,9999,1.4,125,217.9,10.1,252,73.0,20.4,718,16.8,58.1,52,55.3,4.2,0,9999,0.0,72,21.7,5.8,8,9999,0.6,140,19.2,11.3,322,43.0,26.0,303,39.5,24.5,231,34.7,18.7,188,24.9,15.2,45,4.7,3.6,7,9999,0.8,91,24.6,10.6,231,60.4,26.9,220,56.1,25.6,164,48.3,19.1,120,31.7,14.0,25,5.6,2.9,1,9999,0.3,49,13.6,12.9,91,24.9,24.0,83,22.1,21.9,67,20.6,17.7,68,18.0,17.9,20,3.9,5.3,989,82.0,704,58.4,574,47.6,119,9.9,197,16.3,125,10.4,167,13.9,135,11.2,137,11.4,311,25.9,113,9.4,
Nebraska,2021,174,9.4,106,5.8,83,4.5,4,9999,30,1.7,73,4.0,19,9999,56,3.1,60.9,47.7,2.3,17.2,42.0,10.9,32.2,Illicitly Manufactured Fentanyls with no other opioids or stimulants,42,24.1,Illicitly Manufactured Fentanyls and Methamphetamine,16,9.2,Methamphetamine with no other stimulants or opioids,16,9.2,Methamphetamine and other opioids or stimulants,13,7.5,Prescription Opioids with no other opioids or stimulants,12,6.9,37,21.3,69,39.7,36,20.7,32,18.4,11,16,19,16,13,15,12,30,13,10,9,10,109,11.4,62.6,65,7.4,37.4,1,9999,0.6,1,9999,0.6,30,31.9,17.2,132,9.2,75.9,1,9999,0.6,0,9999,0.0,9,9999,5.2,0,9999,0.0,20,7.3,11.5,48,19.0,27.6,34,13.3,19.5,36,16.5,20.7,28,11.6,16.1,8,9999,4.6,0,9999,0.0,15,9999,13.8,39,30.1,35.8,20,15.2,18.3,15,9999,13.8,15,9999,13.8,5,9999,4.6,0,9999,0.0,5,9999,7.7,9,9999,13.8,14,9999,21.5,21,19.7,32.3,13,9999,20.0,3,9999,4.6,77,47.8,33,20.5,47,29.2,5,3.1,25,15.5,12,7.5,3,1.9,22,13.7,7,4.3,24,15.0,12,7.5,
Nevada,2021,932,29.3,544,17.1,311,9.9,148,4.6,168,5.2,606,19.1,89,2.8,522,16.4,58.4,33.4,15.9,18.0,65.0,9.5,56.0,Methamphetamine with no other stimulants or opioids,305,32.7,Illicitly Manufactured Fentanyls with no other opioids or stimulants,132,14.2,Prescription Opioids with no other opioids or stimulants,86,9.2,Illicitly Manufactured Fentanyls and Methamphetamine,69,7.4,Heroin and Methamphetamine,59,6.3,254,27.3,290,31.1,352,37.8,36,3.9,83,83,74,84,77,89,137,68,68,51,66,52,659,41.0,70.7,273,17.4,29.3,12,9999,1.3,8,9999,0.9,129,43.6,14.1,569,37.1,62.3,10,9999,1.1,9,9999,1.0,176,19.6,19.3,1,9999,0.1,73,19.6,7.8,192,42.2,20.6,187,43.4,20.1,176,44.3,18.9,206,52.5,22.1,96,18.5,10.3,0,9999,0.0,49,25.6,7.4,137,59.1,20.8,132,59.8,20.0,127,62.8,19.3,145,73.6,22.0,69,28.1,10.5,1,9999,0.4,24,13.2,8.8,55,24.7,20.2,55,26.1,20.2,49,25.1,18.0,61,31.3,22.4,27,9.9,9.9,654,70.2,478,51.3,288,30.9,18,1.9,94,10.1,93,10.0,80,8.6,142,15.2,173,18.6,190,20.5,51,5.5,
New Hampshire,2021,419,30.7,377,27.7,347,25.5,6,9999,39,2.8,100,7.5,40,3.0,63,4.8,90.0,82.8,1.4,9.3,23.9,9.5,15.0,Illicitly Manufactured Fentanyls with no other opioids or stimulants,265,63.2,Illicitly Manufactured Fentanyls and Methamphetamine,40,9.5,Prescription Opioids with no other opioids or stimulants,25,6.0,Illicitly Manufactured Fentanyls and Cocaine,20,4.8,Cocaine with no other stimulants or opioids,14,3.3,69,16.5,308,73.5,31,7.4,11,2.6,27,25,36,33,38,38,33,37,41,38,24,49,285,41.3,68.0,134,19.8,32.0,2,9999,0.5,2,9999,0.5,9,9999,2.2,391,32.5,94.7,2,9999,0.5,0,9999,0.0,7,9999,1.7,0,9999,0.0,26,15.1,6.2,117,65.6,27.9,109,64.9,26.0,79,44.7,18.9,80,36.5,19.1,8,9999,1.9,0,9999,0.0,16,9999,5.6,83,89.8,29.1,79,92.7,27.7,51,57.6,17.9,48,44.2,16.8,8,9999,2.8,0,9999,0.0,10,9999,7.5,34,39.6,25.4,30,36.2,22.4,28,31.7,20.9,32,29.0,23.9,0,9999,0.0,361,86.6,313,75.1,146,35.0,73,17.5,69,16.5,35,8.4,63,15.2,88,21.1,58,13.9,113,27.4,75,18.0,
New Jersey,2021,3045,32.8,2728,29.4,2550,27.5,525,5.7,467,5.0,1436,15.5,1216,13.1,205,2.3,89.6,83.7,17.2,15.3,47.2,39.9,6.7,Illicitly Manufactured Fentanyls with no other opioids or stimulants,893,29.3,Illicitly Manufactured Fentanyls and Cocaine,732,24.0,Illicitly Manufactured Fentanyls and Heroin,252,8.3,Illicitly Manufactured Fentanyls and Prescription Opioids,186,6.1,Cocaine with no other stimulants or opioids,149,4.9,1238,40.7,1490,48.9,198,6.5,119,3.9,267,246,272,254,236,284,254,261,258,269,217,227,2227,48.3,73.1,818,17.5,26.9,28,2.7,0.9,1,9999,0.0,812,65.9,26.8,1656,34.9,54.7,16,9999,0.5,0,9999,0.0,513,25.9,17.0,6,9999,0.2,131,11.5,4.3,605,50.9,19.9,713,58.6,23.4,727,59.7,23.9,674,52.6,22.1,189,12.1,6.2,4,9999,0.2,96,16.6,4.3,439,73.0,19.7,530,86.8,23.8,519,86.1,23.3,497,79.2,22.3,142,20.6,6.4,2,9999,0.2,35,6.3,4.3,166,28.3,20.3,183,30.2,22.4,208,33.9,25.4,177,27.0,21.6,47,5.4,5.7,777,26.3,412,13.9,230,7.8,36,1.2,82,2.8,98,3.3,112,3.8,28,0.9,145,4.9,148,5.0,39,1.3,
New Mexico,2021,978,48.5,730,36.3,584,28.9,206,10.4,253,12.6,634,31.6,130,6.6,526,26.2,74.6,59.7,21.1,25.9,64.8,13.3,53.8,Illicitly Manufactured Fentanyls with no other opioids or stimulants,192,19.6,Methamphetamine and other opioids or stimulants,177,18.1,Illicitly Manufactured Fentanyls and Methamphetamine,139,14.2,"Illicitly Manufactured Fentanyls, Heroin, Prescription Opioids, and Methamphetamine",54,5.5,Illicitly Manufactured Fentanyls and Cocaine,44,4.5,406,41.5,324,33.1,228,23.3,20,2.0,64,71,76,96,97,89,101,98,77,68,73,68,690,67.8,70.6,288,29.1,29.4,3,9999,0.3,71,37.6,7.3,33,79.2,3.4,313,42.3,32.2,2,9999,0.2,0,9999,0.0,549,55.0,56.5,3,9999,0.3,76,26.9,7.8,223,79.4,22.8,242,90.2,24.7,196,83.3,20.0,182,67.7,18.6,56,14.3,5.7,3,9999,0.4,55,37.8,8.0,162,111.7,23.5,167,121.9,24.2,131,111.9,19.0,125,96.0,18.1,47,26.1,6.8,0,9999,0.0,21,15.3,7.3,61,44.9,21.2,75,57.1,26.0,65,54.9,22.6,57,41.1,19.8,9,9999,3.1,692,72.2,575,60.0,172,17.9,43,4.5,66,6.9,112,11.7,71,7.4,62,6.5,83,8.7,172,17.9,119,12.4,
North Carolina,2021,3595,34.9,3114,30.4,2829,27.6,287,2.8,493,4.8,2076,20.2,1338,12.9,860,8.4,86.6,78.7,8.0,13.7,57.7,37.2,23.9,Illicitly Manufactured Fentanyls with no other opioids or stimulants,985,27.4,Illicitly Manufactured Fentanyls and Cocaine,794,22.1,Illicitly Manufactured Fentanyls and Methamphetamine,431,12.0,Cocaine with no other stimulants or opioids,230,6.4,Illicitly Manufactured Fentanyls and Prescription Opioids,152,4.2,1672,46.5,1442,40.1,404,11.2,77,2.1,311,279,341,315,321,304,333,294,281,279,260,277,2526,49.9,70.3,1069,20.6,29.7,10,9999,0.3,101,86.7,2.8,803,35.6,22.3,2499,39.8,69.6,24,13.2,0.7,0,9999,0.0,156,15.0,4.3,5,9999,0.1,262,18.7,7.3,1009,71.4,28.1,976,73.3,27.1,721,53.5,20.1,524,38.1,14.6,98,5.5,2.7,4,9999,0.2,179,25.0,7.1,717,102.2,28.4,666,102.0,26.4,504,76.2,20.0,379,57.3,15.0,77,9.7,3.0,1,9999,0.1,83,12.2,7.8,292,41.0,27.3,310,45.6,29.0,217,31.6,20.3,145,20.4,13.6,21,2.1,2.0,2398,68.9,1743,50.1,762,21.9,88,2.5,491,14.1,355,10.2,211,6.1,120,3.4,248,7.2,870,25.4,192,5.5,
Ohio,2021,5406,47.8,4631,41.1,4332,38.5,222,2.0,543,4.8,2926,25.9,1717,15.1,1358,12.2,85.7,80.1,4.1,10.0,54.1,31.8,25.1,Illicitly Manufactured Fentanyls with no other opioids or stimulants,1804,33.4,Illicitly Manufactured Fentanyls and Cocaine,1022,18.9,Illicitly Manufactured Fentanyls and Methamphetamine,768,14.2,Cocaine with no other stimulants or opioids,298,5.5,Methamphetamine with no other stimulants or opioids,197,3.6,2334,43.2,2297,42.5,592,11.0,183,3.4,457,392,498,499,469,411,491,452,455,447,411,424,3760,66.5,69.6,1646,29.2,30.4,19,9999,0.4,3,9999,0.1,1035,72.4,19.1,4146,47.4,76.7,30,17.3,0.6,2,9999,0.0,170,37.6,3.1,12,9999,0.2,282,18.6,5.2,1266,81.5,23.4,1544,106.0,28.6,1174,82.4,21.7,902,56.7,16.7,226,10.8,4.2,6,9999,0.2,196,25.4,5.2,878,112.1,23.4,1093,149.8,29.1,785,110.2,20.9,643,82.5,17.1,159,16.9,4.2,6,9999,0.4,86,11.6,5.2,388,50.3,23.6,451,62.0,27.4,389,54.6,23.6,259,32.0,15.7,67,5.8,4.1,2845,53.4,1401,26.3,1203,22.6,325,6.1,693,13.0,320,6.0,369,6.9,210,3.9,317,5.9,878,16.5,139,2.6,
Oklahoma,2021,1014,26.8,439,11.5,309,8.0,63,1.7,121,3.2,709,18.8,74,1.9,645,17.2,43.3,30.5,6.2,11.9,69.9,7.3,63.6,Methamphetamine with no other stimulants or opioids,488,48.1,Illicitly Manufactured Fentanyls with no other opioids or stimulants,142,14.0,Illicitly Manufactured Fentanyls and Methamphetamine,85,8.4,Prescription Opioids with no other opioids or stimulants,67,6.6,Cocaine with no other stimulants or opioids,34,3.4,179,17.7,260,25.6,530,52.3,45,4.4,73,56,85,74,80,90,77,109,90,93,92,95,686,36.0,67.7,328,17.6,32.3,2,9999,0.2,128,41.7,12.6,130,44.8,12.8,644,25.4,63.5,65,37.6,6.4,1,9999,0.1,44,11.4,4.3,3,9999,0.3,64,11.7,6.3,178,33.2,17.6,222,42.8,21.9,249,54.8,24.6,230,47.3,22.7,68,10.5,6.7,3,9999,0.4,51,18.0,7.4,129,47.4,18.8,156,59.5,22.7,150,65.5,21.9,146,61.4,21.3,51,17.5,7.4,0,9999,0.0,13,9999,4.0,49,18.5,14.9,66,25.7,20.1,99,43.8,30.2,84,33.8,25.6,17,9999,5.2,572,56.4,378,37.3,228,22.5,21,2.1,33,3.3,88,8.7,68,6.7,75,7.4,71,7.0,40,4.0,27,2.7,
Oregon,2021,1075,25.4,734,17.3,512,12.2,257,6.0,110,2.5,675,15.9,85,2.0,594,14.0,68.3,47.6,23.9,10.2,62.8,7.9,55.3,Methamphetamine with no other stimulants or opioids,252,23.4,Illicitly Manufactured Fentanyls with no other opioids or stimulants,218,20.3,Illicitly Manufactured Fentanyls and Methamphetamine,115,10.7,Heroin and Methamphetamine,81,7.5,"Illicitly Manufactured Fentanyls, Heroin, and Methamphetamine",64,6.0,379,35.3,355,33.0,296,27.5,45,4.2,94,58,81,101,106,96,96,93,97,93,80,80,771,36.2,71.7,304,14.5,28.3,10,9999,0.9,25,50.8,2.4,47,56.3,4.4,863,27.3,81.4,31,26.1,2.9,3,9999,0.3,81,13.8,7.6,4,9999,0.4,88,17.2,8.2,224,37.5,20.8,248,41.8,23.1,231,44.5,21.5,205,38.8,19.1,75,9.5,7.0,2,9999,0.3,71,27.2,9.2,169,55.6,21.9,173,57.4,22.4,157,59.4,20.4,144,55.7,18.7,55,15.1,7.1,2,9999,0.7,17,9999,5.6,55,18.7,18.1,75,25.7,24.7,74,29.0,24.3,61,22.6,20.1,20,4.7,6.6,760,72.1,508,48.2,350,33.2,63,6.0,111,10.5,102,9.7,85,8.1,91,8.6,198,18.8,223,21.2,78,7.4,
Overall,2021,50943,34.3,41744,28.1,37017,25.0,5475,3.7,7989,5.3,27611,18.6,14217,9.6,14053,9.5,81.9,72.7,10.7,15.7,54.2,27.9,27.6,Illicitly Manufactured Fentanyls with no other opioids or stimulants,14122,27.7,Illicitly Manufactured Fentanyls and Cocaine,7972,15.6,Illicitly Manufactured Fentanyls and Methamphetamine,5467,10.7,Methamphetamine with no other stimulants or opioids,3033,6.0,Cocaine with no other stimulants or opioids,2336,4.6,20322,39.9,21422,42.1,7289,14.3,1910,3.7,4231,3759,4518,4472,4522,4245,4498,4417,4237,4118,3848,4078,35804,48.2,70.3,15139,20.4,29.7,262,3.5,0.5,859,54.8,1.7,9711,50.8,19.2,34383,35.0,67.9,427,16.7,0.8,33,17.6,0.1,4948,27.7,9.8,108,0.4,0.2,3247,16.4,6.4,11762,57.6,23.1,13235,67.6,26.0,10758,58.0,21.1,9212,46.2,18.1,2614,10.1,5.1,68,0.5,0.2,2237,22.1,6.2,8436,81.5,23.6,9303,94.6,26.0,7405,80.0,20.7,6439,66.0,18.0,1911,16.3,5.3,40,0.3,0.3,1010,10.4,6.7,3326,33.0,22.0,3932,40.4,26.0,3353,36.1,22.2,2773,27.3,18.3,703,4.9,4.6,31465,65.5,22154,46.1,12220,25.4,3043,6.3,5577,11.6,4057,8.4,4171,8.7,3729,7.8,4318,9.0,9667,20.2,3370,7.0,
Pennsylvania,2021,5331,42.3,4522,36.1,4155,33.2,681,5.4,904,7.1,2693,21.4,1766,14.0,1054,8.5,84.8,77.9,12.8,17.0,50.5,33.1,19.8,Illicitly Manufactured Fentanyls with no other opioids or stimulants,1513,28.4,Illicitly Manufactured Fentanyls and Cocaine,877,16.5,Illicitly Manufactured Fentanyls and Methamphetamine,480,9.0,Cocaine with no other stimulants or opioids,304,5.7,Illicitly Manufactured Fentanyls and Prescription Opioids,279,5.2,2152,40.4,2370,44.5,541,10.1,268,5.0,435,430,448,429,536,442,508,438,447,425,384,409,3733,59.1,70.0,1598,25.5,30.0,25,4.4,0.5,3,9999,0.1,1044,76.4,19.7,3743,40.4,70.6,26,13.4,0.5,2,9999,0.0,458,48.3,8.6,13,9999,0.2,272,16.9,5.1,1211,71.1,22.7,1451,90.3,27.2,1133,72.1,21.3,985,54.4,18.5,266,10.8,5.0,9,9999,0.2,181,22.1,4.8,862,99.6,23.1,1019,125.7,27.3,783,99.6,21.0,693,77.9,18.6,186,16.9,5.0,4,9999,0.3,91,11.5,5.7,349,41.7,21.8,432,54.3,27.0,350,44.6,21.9,292,31.7,18.3,80,5.9,5.0,2669,63.2,1833,43.4,912,21.6,361,8.6,285,6.8,249,5.9,517,12.3,223,5.3,288,6.8,625,14.8,340,8.1,
Rhode Island,2021,447,41.1,383,35.5,337,31.2,7,9999,106,9.7,263,24.2,230,21.2,31,2.9,85.7,75.4,1.6,23.7,58.8,51.5,6.9,Illicitly Manufactured Fentanyls and Cocaine,144,32.2,Illicitly Manufactured Fentanyls with no other opioids or stimulants,98,21.9,Cocaine with no other stimulants or opioids,41,9.2,Illicitly Manufactured Fentanyls and Prescription Opioids,38,8.5,Prescription Opioids with no other opioids or stimulants,30,6.7,215,48.1,168,37.6,48,10.7,16,3.6,36,38,32,39,44,25,29,43,36,44,47,34,303,55.8,67.8,144,26.6,32.2,5,9999,1.1,1,9999,0.2,37,53.9,8.4,330,43.0,74.7,1,9999,0.2,1,9999,0.2,67,36.7,15.2,0,9999,0.0,26,17.5,5.8,108,70.7,24.2,103,75.7,23.0,104,77.9,23.3,76,49.0,17.0,30,15.1,6.7,0,9999,0.0,18,9999,5.9,73,93.9,24.1,68,99.0,22.4,66,100.7,21.8,58,77.3,19.1,20,22.7,6.6,0,9999,0.0,8,9999,5.6,35,46.7,24.3,35,52.0,24.3,38,55.9,26.4,18,9999,12.5,10,9999,6.9,365,81.7,237,53.0,227,50.8,76,17.0,56,12.5,51,11.4,23,5.2,54,12.1,35,7.9,138,30.9,34,7.6,
South Dakota,2021,82,9.8,35,4.3,27,3.3,2,9999,10,9999,50,6.1,5,9999,46,5.6,42.7,32.9,2.4,12.2,61.0,6.1,56.1,Methamphetamine with no other stimulants or opioids,38,46.3,Illicitly Manufactured Fentanyls with no other opioids or stimulants,17,20.7,Prescription Opioids with no other opioids or stimulants,7,8.5,Illicitly Manufactured Fentanyls and Methamphetamine,6,7.3,Cocaine with no other stimulants or opioids,2,2.4,10,12.2,25,30.5,40,48.8,7,8.5,6,8,4,9,2,9,6,8,8,9,7,6,48,11.0,58.5,34,8.6,41.5,1,9999,1.2,22,34.9,26.8,4,9999,4.9,52,7.6,63.4,0,9999,0.0,0,9999,0.0,3,9999,3.7,0,9999,0.0,7,9999,8.5,16,9999,19.5,23,20.6,28.0,17,9999,20.7,11,9999,13.4,8,9999,9.8,0,9999,0.0,4,9999,8.3,13,9999,27.1,15,9999,31.3,7,9999,14.6,4,9999,8.3,5,9999,10.4,0,9999,0.0,3,9999,8.8,3,9999,8.8,8,9999,23.5,10,9999,29.4,7,9999,20.6,3,9999,8.8,42,58.3,29,40.3,12,16.7,0,0.0,5,6.9,5,6.9,3,4.2,4,5.6,4,5.6,10,13.9,1,1.4,
Utah,2021,588,19.0,414,13.0,167,5.0,166,5.1,159,5.3,351,11.5,49,1.5,286,9.5,70.4,28.4,28.2,27.0,59.7,8.3,48.6,Methamphetamine with no other stimulants or opioids,89,15.1,Prescription Opioids with no other opioids or stimulants,86,14.6,Heroin and Methamphetamine,71,12.1,Illicitly Manufactured Fentanyls with no other opioids or stimulants,62,10.5,Methamphetamine and other opioids or stimulants,35,6.0,208,35.4,206,35.0,143,24.3,31,5.3,48,41,42,63,49,49,57,45,44,50,50,50,380,23.7,64.6,208,14.1,35.4,1,9999,0.2,12,9999,2.1,13,9999,2.2,473,19.5,81.1,8,9999,1.4,1,9999,0.2,75,16.9,12.9,0,9999,0.0,49,9.0,8.3,134,27.4,22.8,157,33.7,26.7,125,35.0,21.3,84,27.0,14.3,39,10.0,6.6,0,9999,0.0,36,12.9,9.5,104,41.6,27.4,99,41.6,26.1,68,37.1,17.9,49,31.6,12.9,24,13.0,6.3,0,9999,0.0,13,9999,6.3,30,12.6,14.4,58,25.5,27.9,57,32.8,27.4,35,22.4,16.8,15,9999,7.2,474,81.2,361,61.8,237,40.6,43,7.4,64,11.0,50,8.6,70,12.0,89,15.2,76,13.1,171,29.4,38,6.5,
Vermont,2021,238,39.4,220,36.6,207,34.5,35,5.9,40,6.6,129,21.5,109,18.1,25,4.2,92.4,87.0,14.7,16.8,54.2,45.8,10.5,Illicitly Manufactured Fentanyls and Cocaine,74,31.1,Illicitly Manufactured Fentanyls with no other opioids or stimulants,56,23.5,Illicitly Manufactured Fentanyls and Heroin,18,7.6,Illicitly Manufactured Fentanyls and Prescription Opioids,16,6.7,"Illicitly Manufactured Fentanyls, Heroin, and Cocaine",10,4.2,119,50.0,101,42.4,10,4.2,8,3.4,17,12,27,20,15,17,25,16,25,21,24,19,166,55.0,69.7,72,23.6,30.3,0,9999,0.0,1,9999,0.4,4,9999,1.7,220,39.6,92.4,4,9999,1.7,0,9999,0.0,9,9999,3.8,0,9999,0.0,18,9999,7.6,57,73.4,23.9,72,92.8,30.3,53,68.2,22.3,31,32.2,13.0,7,9999,2.9,0,9999,0.0,13,9999,7.8,46,116.4,27.7,50,129.4,30.1,34,87.5,20.5,18,9999,10.8,5,9999,3.0,0,9999,0.0,5,9999,6.9,11,9999,15.3,22,56.5,30.6,19,9999,26.4,13,9999,18.1,2,9999,2.8,189,79.4,119,50.0,106,44.5,32,13.4,37,15.5,26,10.9,16,6.7,21,8.8,44,18.5,79,33.2,44,18.5,
Virginia,2021,2514,29.3,2181,25.5,2016,23.5,456,5.3,416,4.9,1329,15.5,833,9.7,544,6.4,86.8,80.2,18.1,16.5,52.9,33.1,21.6,Illicitly Manufactured Fentanyls with no other opioids or stimulants,697,27.7,Illicitly Manufactured Fentanyls and Cocaine,438,17.4,Illicitly Manufactured Fentanyls and Methamphetamine,226,9.0,Illicitly Manufactured Fentanyls and Heroin,158,6.3,Methamphetamine and other opioids or stimulants,131,5.2,1053,41.9,1128,44.9,276,11.0,57,2.3,228,179,245,238,198,196,193,213,225,207,193,199,1788,41.7,71.1,726,17.0,28.9,13,9999,0.5,6,9999,0.2,727,43.6,29.2,1618,31.9,65.0,18,9999,0.7,0,9999,0.0,108,11.3,4.3,4,9999,0.2,193,17.1,7.7,626,53.1,24.9,640,55.2,25.5,519,47.8,20.6,430,38.2,17.1,102,7.3,4.1,1,9999,0.1,127,21.9,7.1,450,75.4,25.2,452,77.7,25.3,362,67.0,20.2,319,58.0,17.8,77,12.2,4.3,3,9999,0.4,66,12.0,9.1,176,30.2,24.2,188,32.5,25.9,157,28.8,21.6,111,19.3,15.3,25,3.2,3.4,1933,76.9,1384,55.1,779,31.0,191,7.6,453,18.0,240,9.5,259,10.3,280,11.1,145,5.8,700,27.9,246,9.8,
West Virginia,2021,1453,86.7,1241,74.6,1146,69.0,111,6.7,295,17.6,949,56.5,160,9.3,786,47.0,85.4,78.9,7.6,20.3,65.3,11.0,54.1,Illicitly Manufactured Fentanyls and Methamphetamine,419,28.8,Illicitly Manufactured Fentanyls with no other opioids or stimulants,314,21.6,Methamphetamine and other opioids or stimulants,150,10.3,Illicitly Manufactured Fentanyls and Prescription Opioids,83,5.7,"Illicitly Manufactured Fentanyls, Prescription Opioids, and Methamphetamine",73,5.0,757,52.1,484,33.3,192,13.2,20,1.4,139,108,139,157,123,106,116,130,104,111,120,100,1032,121.3,71.0,421,51.5,29.0,0,9999,0.0,1,9999,0.1,96,145.4,6.7,1317,86.0,92.2,3,9999,0.2,0,9999,0.0,12,9999,0.8,3,9999,0.2,72,33.0,5.0,309,145.2,21.3,468,218.6,32.2,327,145.1,22.5,224,90.0,15.4,49,13.3,3.4,1,9999,0.1,42,37.3,4.1,209,190.9,20.3,341,314.1,33.1,235,205.8,22.8,165,134.5,16.0,38,22.3,3.7,2,9999,0.5,30,28.5,7.1,100,96.8,23.8,127,120.4,30.2,92,82.7,21.9,59,46.8,14.0,11,9999,2.6,1012,76.7,754,57.2,297,22.5,128,9.7,282,21.4,120,9.1,97,7.4,21,1.6,90,6.8,469,35.6,45,3.4,
